r1GlWbIZyeZ,PyjamaParty,GB
rkdb4qB-JlZ,alittlepeep,GB
S1g-hUubJlb,dirtylooks,GB
rkUgB9E-yeZ,thighgap,GB
SJXWnDrbye-,Naomlie,GB
BJigS8zZJlb,fabiola,GB
S1Mb_urW1xZ,nixxxie,GB
HJSn0NZkeb,qwinb,GB
SyWxHzdWJg-,Juggies,GB
B1GE9SWJlZ,veryopenminded,GB
Sk-l19UZJl-,StillAKitten,GB
rJWZUUBbJgZ,ClaireUK,GB
SJ0sN4byxW,ShowerFresh4You,GB
BJWWaPVWkeb,Present,GB
Sy4JZOZJlb,Katy21,GB
Hy3Ummb1l-,Granita,GB
ryr-PLHWkxb,ClaudiaSunny,GB
BJaxUhb-yxW,FrenchgirlUK,GB
ryiecDr-Jg-,Sarah4Fun,GB
HyCeCzzWJxZ,Kashila,GB
BkrYe_WylZ,toohard,GB
ByN8uGWye-,YoungAndYours,GB
HyjYRoAZI,blackvelvet24,GB
B1Mx2RXb1gZ,cutebutnaughty,GB
rkQefDdbygW,innocenceout,GB
SkbZOXS-yg-,doNotgetSmitten,GB
B1xWOwNW1lZ,SlimnSexy4u2try,GB
rJbeZNW1x-,coveredprincess,GB
BJGRavbkeb,jilian1,GB
BkuVQIbklZ,RaveNFlirt,GB
HysvplbJlW,DollyPat,GB
rJFWYxPZJgZ,blondepiercing,GB
BJrDKPb1l-,CumNShowMeNow,GB
rJ_W_cQ-1gW,ThinkUCanHandle,GB
BJ4nZN-ygZ,missbree,GB
BJ9lbJB-kgZ,Seiko,GB
BJzZTGZWJeW,BendMeOver22,GB
HyRSfEZklb,Misschunky,GB
ryFYuwb1g-,NaughtyGirl24,GB
rkEZTTvWJgZ,greatwhite,GB
HJ6RWPbye-,Nervous24,GB
ByJezJSbke-,Shinoh,GB
H1uNbPZ1xb,blondebeach,GB
rJDe5sQbygW,Londyn23,GB
rkVlg7Ib1l-,tinytime,GB
SyvZ697Z1gZ,Lonla,GB
Byql_WNbJxZ,Marla,GB
ryTg64bJeb,Priya,GB
rJDewswZkgb,Corrine4Fun,GB
rJ8x717WJx-,JerkyJane,GB
SyFlgFIZkeW,ConfidentLass,GB
ryCJ3NW1xb,Shali23,GB
ByVRHX-1gW,HotTeresa69,GB
Bk2gdyVbkx-,MandyNips,GB
r1YbOZBZ1eZ,Ulche,GB
rJ9a8db1gZ,bluedtattoo,GB
rkXxaYrbJxZ,fantasysearchXX,GB
B1Q-K5wbJlW,PurePlay,GB
S1Pnmmb1lZ,Kennil,GB
H1yeBcvZkl-,HornyButNoSlut,GB
BJveuprZkgb,usethisslut,GB
HyrppBbyxW,SweetIvy,GB
H1Tl0zMZ1eZ,DomiQueen,GB
SJolpXWkeW,Macy22,GB
rkPgFiUWygW,ChemistrySearch,GB
BkvxHWBZye-,KinkyKara,GB
HJl-zLQZkl-,lovelygirl69,GB
HkjetPI-1lZ,KnowsHow2Please,GB
Hkd-nvWklZ,BootyShaker,GB
SkIHrd-kg-,Curvedgoddess,GB
H1FgCxdbJlb,SexyFran25,GB
ByuWrGX-keZ,Kashi,GB
By8eUkI-kgW,SpanishBeautyUK,GB
Hy9lXMO-kxW,BlondeModel24,GB
B1kl0IwZJeZ,SushiSusie,GB
rJlWsWDbkeb,S3Xhunter,GB
SJhZ3U_Zyx-,TeacherWanted,GB
HyoejgSb1eZ,Tulip,GB
ByMxvVg-Jlb,WhyNott,GB
B1iqkS-1gZ,Reala,GB
SkilloU-klW,HotLips25,GB
S1JZTiSZJe-,Jojojoan,GB
ByogdIQ-keW,Ladyluck777,GB
r1FFpvZyxW,NSAxNancy,GB
rkMWqe_-ke-,leeyo,GB
r1KlG8ubJeW,Bigbossom,GB
ByvLCIbJgb,Angela25,GB
HkBDplbJlW,Alexus,GB
S1Vgd3UWJgZ,checkeredkink,GB
BkIgxqL-Jl-,DangerousLady,GB
HJXeJiQWJgZ,Lexxi,GB
Hknxlrw-1xb,solvethis,GB
r1IYOg-yxW,Wumus,GB
ryox6EPWJxb,peakalace,GB
H1hwVLWkgZ,cherrybust,GB
SJWxBOB-yxW,slapmybigbooty,GB
BJ6c3IWyxb,FunLovingGirl25,GB
SkSeRbuWyxZ,anyplayers,GB
BJCg_tf-Jl-,Junipper,GB
Bytxmw_ZJlb,naughtyout,GB
rJW8yd-yx-,Cynthia,GB
S1el89VZylb,Sheilia,GB
S1KYpzZyg-,HiIdaya,GB
BJjEgIWJeW,tastemyjuices,GB
HkRx02Xbkx-,Riddle,GB
Hyr15E-yxb,Zhuli,GB
SkigmFHb1gZ,threatposer,GB
rkogoCW-kxb,Collin24,GB
SJfDMuWJgW,Transformer,GB
Bke-FyWbke-,Saah,GB
Hy7gce_-Je-,assured,GB
Sy7xHQuZyeW,Carol23,GB
rkExLzOWklW,mystic,GB
Skg2blW1gb,GirlonGirl22,GB
r1Xxyiv-kxb,HornyPolly,GB
rJW95vbJg-,SlaveGirl26,GB
r1OZ9gN-1xZ,Marianal,GB
BkyxXLu-kgb,AsianSexBabe,GB
HkxydSbyl-,takemyblackass,GB
BJilfDWyxW,theway,GB
HJ1xsTf-kgW,heylie,GB
rkHeyyuZ1eZ,Sazzaxx,GB
HkDn2wWJeb,whatwant1,GB
ryDeOu8byeZ,Blondeblue,GB
H1qs8LZylb,definetelymaybe,GB
H1jeiJvb1gb,Good2Bbad,GB
ByxUhS-ygZ,LonyinUk,GB
HJ7WhNPWJlW,breakinn,GB
ByfegsVb1gZ,Rukia,GB
SkAylL-1gW,SexyMixedMinx,GB
S1Ne9SW1gZ,SueandJenXX,GB
ryTlVOu-keb,outtoplayy,GB
H17-aOWWJx-,Balind,GB
B1sXLuZylW,fedrah,GB
BJTlvUD-JgW,FunSeeker26,GB
ByWePuV-1eZ,Poppy,GB
HJzbZm8bylb,touchsubject,GB
Syjh0-Zkx-,laFrenchChick,GB
HkwgnVPZyg-,Maybexx,GB
BJM8rPZJlZ,veryclear,GB
S1peFALbJlb,GlamourPuss,GB
HJIggOObygW,Zara26,GB
rJzlsZPWJlW,yashaye,GB
ByDgEfUWklb,Marcia25,GB
HJY8owZJlb,Tessa25,GB
BJRxUMdb1eb,Nene,GB
rk0vDNWJxb,Pinkylover,GB
Bk-kGHbklZ,whitebits,GB
HkGxrMBbkxZ,OrderlyQueue,GB
ryklOJIZ1xb,couldbegood,GB
rJSiqfbkeZ,GirlsWantFun2,GB
S1WZfKX-kgZ,Lightie,GB
SktUN_bJlW,Britanni,GB
HkCYtXb1lW,LindasyE,GB
ryaxSB-yxb,FlingFinder,GB
HJkxB1SW1eW,Shikes,GB
rJJml-kl-,seekingamaster,GB
H1WeEfZ-kx-,SpankMeSir,GB
r1XgIawZJlb,Brownblonde,GB
HyqGpPbkgb,CurvyCate,GB
SJQ0WL-JeZ,giveme,GB
S1aZjLb1eZ,HannaWants,GB
SJflMPQWkg-,Labelle,GB
ryiZjy_ZJgb,LingerieStore,GB
ByDW0aGW1g-,InnocentHelen,GB
B17-zbu-Jg-,Laceylaris,GB
rkHDbP-JeW,ALLFORYOU,GB
r1yeYFvbJgW,Exotic27,GB
Bk-bk5IZJe-,pendantfun,GB
BJtbpDfZJgZ,GayaGaya,GB
HJAhnVb1eW,WantToSquirt,GB
H1K-4jG-keZ,Guardi26,GB
BklgUOlZylb,2ndoneof2day,GB
S1vA8LZkeW,exoticfun,GB
HJ8M9I-yeZ,timeflight,GB
B168ZdbkeZ,Gorjginge4,GB
ByM0zD-JgZ,NoInhibitions,GB
HJxbuZ_-yeW,rubadub,GB
SkZZgMIWyx-,MoniquesWays,GB
HkIeVZrW1eZ,Washme,GB
HJqxIb_Wkx-,SassyChex,GB
r1WgRJd-1xb,halfblonde,GB
S1sCfSWke-,NiewinnaAla,GB
rkrRiVbyxb,sxyebo,GB
By8UPHZJgZ,BathroomFun,GB
SJXeNbHZyg-,FunInTheSun,GB
r18gtXM-yeW,divaladance,GB
Syg-OMuZ1eZ,BristolDream,GB
SyggdQL-JgW,TwiceTheFun,GB
Sknls--klW,boobsrus,GB
Bk8xkD8ZJxZ,TokyoTemptress,GB
Sy2graXbkxZ,PurpleLace,GB
rkLgkfEZyeb,PunishmeSir,GB
rkBg7eZ-1eb,RudaOla,GB
HyPBmEbkxW,Zuri,GB
Skw-NGBZ1eb,FromEstonia2UK,GB
S14xYwzW1xZ,FunBlonde26,GB
B1IxXKBb1gb,curvymary,GB
SJxx_NDWylW,WeClick,GB
BymANWJgW,desperateblonde,GB
SkO9KU-kx-,NaughtyInNude,GB
rJGRxz-yeZ,cuteniya,GB
HJygJMgWkx-,playmaker92,GB
SyaJ1dW1g-,Annette28,GB
HJ9cPGWJeW,flora,GB
H1Ge1Du-1xb,HotnWildBecx,GB
r1zfawb1xb,SexKitten28,GB
rkFv_IbyeW,NotNoVirgin,GB
BkNRK4WJl-,yubiHOT,GB
SyYbO74W1gZ,NLondonFemme,GB
r1HkE-bklZ,auntrico,GB
By3MoUWJl-,ridemeorthebike,GB
H1JbexvW1xb,ComeEntertainMe,GB
H1WWD8L-JlW,PlayfulGirl28,GB
r1YAbl-1l-,kittyK,GB
r1ohQ-yeb,madis,GB
Sykea94ZJg-,Silviana27,GB
HkTgKugWylZ,bendii,GB
SkSgD4BZygW,Annie88,GB
HyjXEWbygb,Ashleigh,GB
rJVVweZ1lW,Georgiii,GB
rJix9VIW1xb,AsianPerfection,GB
H1Mx9-XZke-,June27,GB
SyoPtHZkxZ,Πολυτίμη,GB
rJQbTzMZkgZ,DoggyQueen,GB
HydWhSVb1lZ,Openass,GB
r1cgHm-JeW,kinkly,GB
HykZdLS-yeW,NaughtyFlor,GB
Hy0eX7wZyeZ,bentblonde,GB
HyFlsU_WylZ,NaughtyNaz28,GB
S1SnsBZkxW,boundarytester,GB
S1YZ7vL-ke-,funontherun28,GB
rJgls9-WJgb,brianna,GB
SkNb29H-yeb,ChockyButter,GB
ByX-cn8-1eW,KeepOnSinging,GB
HJ5OJGWJl-,Lovelyfrog,GB
rJ4--a4-keZ,sexci,GB
HyflpxOZkgW,RedRawx,GB
SyIZA7EWJlZ,nettnet,GB
rJIzwuWyxb,bustwhite,GB
SyuQvm-yx-,Kay26,GB
HJJZlBSb1x-,BoredSecretary,GB
HJim_byl-,perkyou,GB
B1glCdrZ1eW,HornyMingler,GB
Sy_qJS-klZ,coffeeblonde,GB
SJig-bM-1eb,Dangeree,GB
SJ3gwPmZklW,kim77,GB
rJFg5WfWJe-,Dee,GB
S1WZlzrbkxZ,DoubleTrouble4U,GB
SJigLSNZ1eb,olol,GB
B1C_VV-yxb,Nitta,GB
rkG-wGObkeb,xtina,GB
Sk6iXN-1e-,whiteflower,GB
HJclyYmZklZ,Whaty,GB
HyZ-db1x-,TwoGuysPlease,GB
HkLeWF8-yl-,sexygoth,GB
rJjGjMbyxW,PerkypamX,GB
HkrOjIZygb,heycurves,GB
B1CeksXZyeb,Lesbocouple,GB
SyBXvZ1xZ,LikesABitofPlay,GB
rJflPgPWklb,Passionate29,GB
rkQc9Lb1l-,transmitor,GB
BJQeDVB-kgZ,Stephanie87,GB
BkoiRBWJeW,NaughtyAnge,GB
rylZnDb1eZ,playinggames,GB
B1hdQL-1l-,perkygeek,GB
BkczPMWygW,NorwegianHottie,GB
S18grkQbJlZ,jey,GB
rylbHhmZyxW,missnaughtyness,GB
B1IgM-HZ1gZ,CurlyKatie,GB
Bytg6Qg-kgZ,AnonSexGirl,GB
ByXlkjgWyeZ,casualAndfun,GB
SkKbfjbW1xW,bustyhanna2,GB
Sy1ZXOBZyxZ,LivingOnTheEdge,GB
BkSegFH-JxZ,talentedchest,GB
BkcxjlQb1xb,Jozi,GB
HJM_uz-Jl-,GirlonFire26,GB
SyDW6neW1g-,Salsipuedes,GB
SyTezdD-Jl-,BIGbundleoffun,GB
S1l2DWZJeb,bellydancer,GB
B1G-infZ1gZ,HotnHorny,GB
Hy6xfqvWyeb,FunAndMoreFun,GB
rkvrsgb1e-,carliny,GB
rydxQ-O-kxZ,AsianDelights,GB
S1wxkowWklZ,IrishRoamer,GB
H1NgAVz-JlZ,evaastones,GB
ryfx9iBZJxb,pongstanth,GB
SJwxngZkgb,independentMum,GB
B12O14-ygW,mase11,GB
ByZ-V_Zygb,Curvedgoth,GB
BJ7f6NZye-,tecniclor,GB
HyDx_EP-yl-,HeyThereGuys,GB
SJml-FEWygb,NymphBride,GB
SkmZOWyl-,Wild329,GB
B16khEWkxW,Suri29,GB
H1plecUbJlW,nowb4its2late,GB
B1IxUGdZyg-,zedd,GB
SJTgHBP-ke-,tabletie,GB
rJH--m8Wyeb,twistsand,GB
By3NKLW1xZ,deatdeat,GB
BkdWeOEbyxW,sofitofee3,GB
rJXbIXE-1eW,NaughtyNun,GB
ry4bakr-JxW,yayaX,GB
HkbgXsrWkeW,AsianBabeHere,GB
HJjmJuWygW,BouncingBlonde,GB
H1MnrVZkeW,UseandAbuse,GB
By9gjoEWkgb,slimnana,GB
SkXzOwbJxb,justMe,GB
H1dSTfZye-,Hotchat30,GB
HyxgDvN-ygb,PinkysDream,GB
Hy4_BIb1xW,pleasedcop,GB
SkNaqLZklZ,noque,GB
rJSeb7mWklb,junrk,GB
HyPbY-4ZkxZ,sunniday,GB
SJ7xy4Bb1lZ,PrettySwede,GB
BJhyNSbJgW,HornyUnicorn,GB
ByoeHMu-kl-,Lara30,GB
rkTgFMVWkl-,MrsP,GB
BJSf-XbJgZ,juana,GB
HkGgPL-kl-,LingerieFanatic,GB
HJGibZW1l-,alysia,GB
BJSgepH-JxZ,orangeshots,GB
HJmbtHBbJgZ,suzieblondie,GB
rkm41EWkg-,Marryion,GB
HJwlolfWkgW,culixxx,GB
H1D_A-WJl-,Claud30,GB
ByndMuZ1eb,siwell,GB
S19gUsDWJlZ,scarlo85,GB
SkIb3SV-1g-,Muchel30,GB
S1BWG6SbyeW,ExcitingFling,GB
rkw-4gzZ1x-,curvytoy,GB
Hymp4VW1gb,violetrocks,GB
B1rgfjmZJlb,lickilicki,GB
rkrxHJ7WkgW,JessyJ,GB
SJsPfOb1gW,Testa,GB
SJVKn4-klZ,boobs4use,GB
SkjeARwWkx-,SkinnyBad,GB
SkQgb8-yl-,Up4itAlways,GB
H1xqLUb1eZ,JustMovedHere,GB
By1W2JGbJl-,cavemantreasure,GB
rkXxBObylb,bohemianchic,GB
H1s-tZ4bkxZ,preggypeg,GB
SJkluNe-kl-,naughtyJasmine,GB
SJEgN-D-ygZ,latexfringe,GB
r1X1O8-1x-,Tittatt,GB
HygbE7Q-1e-,GlamourGirl,GB
rJbxtDUbklZ,PhotoYouPhotoMe,GB
SkPxLnB-klW,DanishPastry,GB
BJMywWygW,DeflowerMeNow,GB
Sk1eUxbZkl-,GorącaCipka,GB
Skfpv4ZJeZ,Pooja,GB
r1cgqxfWyxW,cuty,GB
S1DA6X-1eW,MissPurp,GB
S1v3HIZkeZ,balconynudity,GB
Hk80gPZklW,specialfriend,GB
rybWMIuW1e-,girltower,GB
rJexPGd-1lb,Pantyhoser,GB
ryAlRKP-keW,trymeonce,GB
SJWiBXZyeW,Kinla,GB
ryHxGrVZkl-,MingeChat,GB
ByDiWWW1l-,Alina30,GB
ry9KZLZylW,keenly,GB
S1nlY8dZyg-,Choosefun,GB
ByhuSb1xb,polliea,GB
BJ4lYlSZyeW,LovelyJubbly,GB
rJtkfP-yeW,badnnaughty,GB
H19xm3NZ1xZ,roses1,GB
ry4N3SbkxW,TongueTwister,GB
BJoxJnv-JlW,atkina,GB
r1LHfuZ1lW,Hen,GB
SJwKdPZkxb,RoughAndTumble,GB
Byh6pB-1x-,mickeylicky,GB
SJfeBGxbJeb,DiveRightIn,GB
HyFlE2QZ1eW,MeadowVixen,GB
SkxH4r-1xb,Ritaishere,GB
HyM3AVZyxW,Santi,GB
rym-sgH-klb,UpCumming,GB
BJYhXubJgb,SoakingSammie,GB
ryK-7jUZJeb,TattooedButt,GB
B1zeUZrZJeb,whitnyy,GB
H1BfcQ-klZ,cloud9ride,GB
rJZZ5bb-Jeb,aliblair,GB
BklP1EZkxZ,Blizful,GB
HJhw-dWJeb,XModel4You,GB
SJ-lMifZJxb,hanta,GB
H10lgYZWyg-,Rhoda,GB
rk_--g-Wyg-,Flowerpleaser,GB
B15-dhVWkeZ,MistressVegas,GB
HkEOl-bJg-,BigFish,GB
HkXSif-ylb,Greenvib,GB
r1oew1SZkxZ,sarahfromtheUSA,GB
rk-6drbkeZ,shootacross,GB
HJrZKvwZJgb,callmepetal,GB
SyiAz4ZJgb,scarthelion,GB
HJoxWdbkl-,sweetpepper,GB
B1gSOxbkxW,Fingermouse,GB
B1-bi4Z1lZ,rubarb,GB
Skxe5cEbyeZ,doyoumeasureup,GB
rkRx5gBW1xZ,vanity1,GB
ryjZREWygZ,TulipX,GB
SkSgY_UWJxW,bikebask,GB
rkimxOZ1gZ,SexuallyRadiant,GB
SJRzqUbJlZ,eighthwonder,GB
Hktmdl6-N,Relentlesswoman,GB
r11xP7zbkgW,BrazilBabe4U,GB
S15wPr-1g-,LadyInRed35,GB
HJHZxyPbkeW,GreekGoddess35,GB
ByPbhNPWyeb,outthere,GB
rkPpXZyx-,Ladyonthestreet,GB
S1Xdt8ZkeW,bigblackandsexy,GB
B1IkJub1xW,WeekendBabe,GB
SyxxCabb1l-,chocolove,GB
rJjl7NgWyeb,DirtyBabe,GB
r1oLZ8b1x-,EbonyBeauty4U,GB
r19l5gObJlb,tattoodsexiness,GB
HyygyYrb1lZ,sweetpussylips,GB
BkvH8VZyxZ,thelovelyLaura,GB
S1xnj3cIV,Sexcited,GB
SkbPgeZ1eb,Cumgetme,GB
S1m-1GZZygb,HotCindyxxx,GB
rkDKLHZ1lZ,wedoitbetter,GB
S19l-FWbkg-,FlirtynFun,GB
H18pK7Zygb,luvtalk,GB
H1borWbygZ,BiMag35,GB
ry_lrRUZylW,FunSexFunSex,GB
HJQylH-1gb,toolie,GB
S1ieIAfWJl-,jami1,GB
ByceklNZyeZ,melwell,GB
HkEW_E8WJl-,HookUpsOnly,GB
Syvf9HWkgb,allyoursboyz,GB
HyalOlLWke-,HotButtMama,GB
Hkz-9wBWJxb,NaughtyNicky,GB
S1lenVg-ye-,Littlepit35,GB
rJn2hEWJl-,tsand2,GB
HyIgkFbW1xW,Bet,GB
BkPXk4bylb,touchmelikeatoy,GB
HJrZ7vXb1eb,LadyLOX,GB
Sk_PsNWygb,realnotfake,GB
hH8axfOuC,JuMoraes,GB
SJJxn24-yg-,WendyW,GB
S1IxP4NZylW,WetnWild4Fun,GB
Sy4Z4TGZyeb,HotButtBabe,GB
rkXU6eWkl-,Alot2handle,GB
ryj3m7-1eZ,kemi,GB
SJLCAlbyl-,Trouble,GB
Sk_lk4Sbylb,takemeaway,GB
rk-xePBWyxb,FWBrequired,GB
SJX6b7-1xb,junie,GB
rJ3gTtmZkxZ,maidinmanhatton,GB
H1_xavmbyxb,lustfullife,GB
r1M0E4-JeZ,Usemefrombehind,GB
HkAHELW1eW,lovetodressup,GB
r1nIjvZ1xW,Instructor35,GB
HJKeJcwb1gb,Cleanshave,GB
Sype9wNW1eb,SexyEmma,GB
rymlaRDWkgZ,poshtottyTina,GB
ByWbSz_WJl-,magicroundabout,GB
ryoeQr-JlW,Lollipopper,GB
DDp3URyBn,YourAll,GB
HJ5gM1EW1gW,no2timers,GB
SkptZUWJlW,competing4gold,GB
HyIyqw-yxW,SexySima29,GB
HysbrNZWkeb,Boobilicious,GB
SJLbcgNWyx-,Pierce4Pleasure,GB
BJsQSNWygZ,montanah,GB
rJ9WF7IbygW,SeeksAttention,GB
HJwbFHG-keW,Farah79,GB
Sy4BQSWkgZ,Milfshake,GB
S1bl7M_-JlZ,firingstardom,GB
HkWeaRWb1xZ,Frankfurter,GB
S1nh3U-kxZ,DiscretionAMUST,GB
SkogfOw-1xb,SweetAndHorny,GB
HkFeIiNZyxZ,SneakyLover,GB
ByG-OeEbyg-,Merrie,GB
rkBg7LMb1xW,insideout,GB
S16essN-Jx-,Sebbi,GB
S1Feh2eWkxb,SpankTheBadGirl,GB
rycxMbW1eW,newtonsafun,GB
H1NMWWbygW,CurvesAndMore,GB
ByFx9hLb1eb,LisaNeverSaysNo,GB
HyHiRXZkeb,needingflavour,GB
r1-epKw-1g-,TeachMeHow,GB
BJ4-LIX-ye-,Lowlady,GB
rkC5em-Jlb,Josephine29,GB
HyRle5H-klb,LikesBeingUsed,GB
HydgiMBZkx-,loneraver,GB
Hk4xhK7-keb,thebest1,GB
rkjWKl--kl-,Naughtynoel,GB
BJ1-uRVZJgb,swanlike,GB
ryjEVPbJgW,asumptah,GB
SyiIVMb1eW,ebonee,GB
rJEhCe-Jx-,Athena27,GB
rJnld2Mbkeb,Hibiscus,GB
Hkpzl-JlZ,CityGirll,GB
Sk3WixHbJeb,RosaLina,GB
Sk3DTLbye-,NoPicsNoChat,GB
SJbeNgOb1xb,yorii,GB
HyAeJlG-JlZ,Summerkit,GB
rkCEMWWJxZ,Vavavoom,GB
Sk69JXbJe-,tittatoo,GB
B1lZKV_bkgZ,NeedAttention35,GB
BkzlmJV-kgW,notiesplease,GB
SJfbWyP-1e-,AchingForSex,GB
ry4WFLMZkxb,FlasherFran,GB
SJj33EZ1lZ,VirginNOT,GB
r1nbzHEZkeZ,WantonGirl23,GB
SyHljiV-Jx-,riyaaz,GB
rywgTTVZ1gb,xxxumi,GB
B1Vevb1gb,PantiesGalore,GB
SJigap--klZ,chlowy,GB
HkfWijGZJeW,hereagaain,GB
H1Slrz-yeW,eve3,GB
Sy6vbZZ1x-,abbilly,GB
rJ7YbQWygW,jumper,GB
BJ5gOz_b1xb,storms,GB
SJzK7lbkgZ,france11,GB
SyEgvH_-1g-,BigNBouncy,GB
SJtWt9V-Je-,TitWankXXX,GB
rkFx6vbkeZ,ShyGirl,GB
rJnx6DbJxZ,CheckMyBooty,GB
ByIghqNZJg-,Shannie,GB
BJHeME7bJxW,KinkyAva,GB
BJMRPD-klb,BodyNeedsYou,GB
rkxe1eLb1x-,highheelsbeauty,GB
HJdDl8Z1lW,SmoothAsSilk90,GB
B1IMfBXWS,molliemoos,GB
B11F346wI,BeadaLiniz,GB
S1FJiYv_V,SexyEmily,GB
BkoVQRC1Q,SophieHot,GB
S1yQ0oJ1H,pinkypixie,GB
SJeAo_ruz,SecreTreasure,GB
r1exO_ALgN,KunningQueen,GB
S1lDeNXCrr,BadeQQ,GB
BJBxxKj7w,SiljeInLondon,GB
rk1zSyd8L,ChynaKisses,GB
HJBHNJyDB,hDAO8y2kjaddf,GB
H11fMW3wr,VibeyMuse,GB
S1qv5ywhL,kingkira33,GB
H16EQC0JQ,NinaG,GB
M4yKiwhmQ,ChatteauCut,GB
Hkg397XWYX,LindaBel,GB
2v89dXyHe,hedonistDevil,GB
SklzrZ3Cz,Maryoa55,GB
ByXzg0Jov,Geekybratt,GB
B1t0puUxQ,SweeetGingerX,GB
rkec-y9YKX,LuckyLucy69,GB
SH-hiFlCR,peachygem,GB
ByQjnXzK_B,SmoothHeat,GB
r1mZHtDhd7,laleczka2000,GB
HJGKn62oLN,SexyDonna,GB
B1P6ZwEnX,Time4me,GB
BkO6YstSX,sungirl18,GB
B14fdXgjE,Alisha20,GB
rk8Vxs3iG,Megan21,GB
Syp4tqeMU,SexyMushroom,GB
MiFO_3JdZ3,WildieTea,GB
S1BR8FXY4,SexinessEmi,GB
Hkw4XACJm,NaughtyX,GB
Sylkph9lZS,TarnBkk,GB
ry8c1s3om,sweetannie,GB
rkgtUyYXb8,FunkyCutie,GB
H1tJNwLDN,KylieXqq,GB
eDL1_5Q8K,SmokyHottie,GB
ziCjAlkNB,StringSlim,GB
By-I-8lxd7,LittleClarice,GB
rJ7Hv6acUV,SparkleKristy,GB
CnX0niQmb,SupremacyDesire,GB
SJnzlKsoM,JuliasBoobs,GB
rJ0glo77P,StacyXx,GB
HyEpQSrYX,Tinkerbell7,GB
B1xocxTcLN,DrivenByYou,GB
SJgct-hvQ,SexyEmy,GB
Sy1595SDE,fullOFsurprises,GB
jDj9zgf7f,tghttina,GB
H1jJQ0W1G,FelipaFelizzz,GB
Hy-2nmy1jQ,dirtysecret11,GB
1WoIdlF8dQ,SpecialKindgirl,GB
BJWQWqATqQ,HoneyBunnyy,GB
S1eHvKZSuX,ZoeUK,GB
BygFY3j_MQ,LynseyBlonde,GB
BkeVFcnIaQ,JustSam,GB
r1pJ4epbd,SofiQNew,GB
SJ76Q6ZyE,Akanshathyra21,GB
ByDILYMmw,EmilyBuu,GB
Skbz9kskkE,kittycatts,GB
H1-yi9Tm84,JessiHoney,GB
BkivrjSeE,MistressCherry,GB
B15rG71G8,DomieME,GB
HyzrW_mSjX,sexigirl333,GB
HJ2QuGeC8,UKbarbi,GB
Bk1DqIgU7,KristineLove,GB
r1O5hpAQ-,Fluffykitty,GB
HJiNc251Q,MariaRiama,GB
rkVDBqYdZ,FetishLiza,GB
SyxPLYzoDP,SweetieEm,GB
SyCI12AWU,YourDesires,GB
SkYQtRfpQ,DianeDi,GB
S1zCeUtAG,LindseyL,GB
B1HSKL1-r,Chelseacat11,GB
Skgf8RsCwX,MistresssSofia,GB
ry7wdzBnH,RedFoxSoph,GB
e1HWaKtHS,NaturalBushy,GB
ByJPOp_CU,Amelia300,GB
r1EkrTzlH,CutieIndGirl,GB
jkvAuv--q,InquisitiveMona,GB
ByghnuTOCU,AnnieQ,GB
HJeF4KpAQ,BerryJamLvr,GB
S1agJrtqI,naughtyblondie,GB
HkLVE-Y0D,BrattyPrincess,GB
r1KRjTJum,shavedprincess,GB
BJHXxf6WO,CharlotteQx,GB
BkgUdU2mg7,MarshmallowX,GB
rJe6pugzvS,sensualLuv,GB
SyPb-Fhiz,KaterynaPa,GB
rkQ-bNQZyxZ,KneesRplenty,GB
HyzggVdZ1eZ,discreetfun32,GB
H189Crb1eW,Dancing2Please,GB
SJ8-3Om-ylW,Lionesss,GB
H1tfzZ-1lW,Crow,GB
rkyxOIN-1e-,Namdi,GB
H1VY4_-1xb,Tamika,GB
H199eHZkxZ,Vanita,GB
By8gVtW-kxb,BexPlaneSex,GB
BJXb454Z1l-,thuda,GB
Hyk-20NWkg-,Seying,GB
H1gqZZke-,Boobastic,GB
HyqlBG-bkl-,Kolia,GB
SJXW0jVZkxW,Tai31,GB
S1KgGv7WylZ,laceymasha09,GB
S1Apwm-1x-,Lonely4fun,GB
B14ZKU4W1xb,TakeMeNowXXX,GB
rJ1x-of-1xb,TheEssexWay,GB
r1zvwwW1x-,BadBeautician,GB
H1xx0w-yeZ,Legs2DieFor,GB
ry-LJBWyxb,ScarlettO,GB
HytP-Zyx-,bettersnapmeup,GB
BkQKRbWyx-,Golzie,GB
HyyW6LHb1lZ,SluttyL,GB
rJubt0vb1x-,LotsNLotsNLots,GB
rJkgPEG-yxZ,Essexfreedom,GB
rJsUFSWJe-,ScarlettsSecret,GB
rk3l3SN-1e-,Trapqueen,GB
rJZZO8LW1gZ,SeekingMaturity,GB
SJSlF7H-yeW,giveit2me,GB
r1_5Avbkxb,SexySally,GB
Hklg0-bb1gZ,BoobDelight,GB
r1sH0vWJeW,CumNChaseMe,GB
Sk05h4W1l-,wildone,GB
Sy7ZJvH-klb,NoStudentLife,GB
SkGWsHEW1e-,Tonedbeauty,GB
BkQg_OebJlW,Rula,GB
ry3gF3ZbJgZ,CarmenL,GB
Hk-WJwrWJlW,PractisingDom,GB
SJDurMbkg-,perfectlyfake,GB
ByhxYDw-JxW,SmotherMe,GB
HkquHZJxb,cumandteaseme,GB
H15xYi4bke-,Sextatr152,GB
rJheCdLbklb,SlapAndTickle31,GB
Byrz3SbyxZ,SmotherMeInDove,GB
rJd0nVZklW,hungryblkpussy,GB
Byanpe-Jg-,Tittilicious,GB
rksgcHW1x-,sexycarpenter,GB
SJZPJIbkx-,MagicHappens,GB
SJk2G-kxW,Tanyastime,GB
SJVx7GSZklW,whatcanisayhere,GB
ByqgfY4WkgW,onthecourse27,GB
rJoflfb1g-,tyer,GB
ByUW2kU-JgW,Prolly,GB
SkcZ1vEW1gZ,PertJo24,GB
rJHFLMWJgZ,lookie,GB
rJ7ZhIUWJeb,ItsTimetoPlay,GB
HJ7Wr6LWyeZ,YoungDivorce,GB
ry0AmZyl-,Marrian,GB
HyxHZf-1lb,NaughtyStudent,GB
HJt2NzWklW,avenueexplorer,GB
S1xgmBZylZ,nonscattynatty,GB
HktSzZbkeb,Corollova,GB
HkYgIhS-1e-,PleasureMe,GB
rJyxy0vWJxZ,lonelylinda,GB
rJTGP4Zkl-,Talk2Flirt,GB
rk5dRfb1eb,maisiemouse,GB
rJRxHU-ygW,NakedNature,GB
HkygaRGWylb,jammydodger,GB
H1dn8UWJxb,EasilySeduced,GB
B1Nl6Pr-yxW,BitofASexGuru,GB
S1rWF2SZyxZ,GoingCommando,GB
HJ-laydWkeW,SexOnTap,GB
SkMw64-1gZ,veganria,GB
ryblKvGbJxZ,Francesca,GB
SyvnSNb1xZ,tutupebbles,GB
S1h-5S7W1gZ,Latinolass,GB
SyOxmZv-Jl-,SexualPleasures,GB
r1meWfH-JeZ,BreatsAhead,GB
HJmGj4Z1xZ,yonda,GB
rk1WGcPWkxb,Susie25,GB
rJrCv8WklZ,HookupFlings,GB
rk7WWoLW1x-,DoggingFanatic,GB
ByAg8YGZ1e-,Gory,GB
ByCguoWWJgW,Bria29,GB
SJFgj64ZkeW,Vanna,GB
B1Zg00lWklW,anitahhh,GB
HyQgi-QWJe-,jolxxx,GB
BkgfsheZJe-,Bastil,GB
S14eD97b1eb,Leshi,GB
rJcDyM-JeZ,corey,GB
BJmlcJrZJlb,sexgenie,GB
ByV79zbygW,Gunnuts,GB
H1shCNbkg-,twista,GB
SJzINMWkxW,dundun,GB
rJCZ0QZ-yeW,aprillia1010,GB
BJ49ddbyxZ,WHIPLASH,GB
BJleJmVb1lb,natty332,GB
Sy4ZbGbbJxW,LucyLastic,GB
r1DMMEW1lb,refreshmentneed,GB
B1Z49BWJxW,PoleTwister,GB
ByMlyAr-1gZ,EagerWetPussy,GB
r1klPWSWkxW,Slaney,GB
r1ylXlEbJxZ,touchmyflower,GB
BJiy_LW1xb,ShowMeTheWayyy,GB
BkFlf5BbJg-,SultrySamantha,GB
H13lmbO-Jxb,4NSAmeets,GB
Skwl9EIbyeb,Funtasstic,GB
BkLxznUbkxb,Sara2thebeach,GB
Sk7K_Ub1e-,canyouhandleme,GB
rJql7hwZJe-,Michelle35,GB
rJQxa4dZJeW,FunNotEasy,GB
Byee_UWJg-,OnFire4Fun,GB
rklYu_b1lZ,AngelDown,GB
SkrJ9zWJlZ,Greengiant,GB
HJFGlM-kgZ,cradleoffilth,GB
HJ1ezqSZ1e-,Imperial7575,GB
r16lFq8-1gb,HardDrivenWeeks,GB
H1o04v-klW,DontTellAny1,GB
HyaxawX-1xZ,lonelybets,GB
SyMb9eVWyeW,lovebeingsingle,GB
BkGWApDbylZ,LickAndTease,GB
HkVhwPZylW,Blonde4SomeFun,GB
rk3veDbke-,bestrearview,GB
ByybENEWklZ,wizisthebiz,GB
SkUCOHW1lb,MissOutTheFun,GB
BkFlfsXW1xZ,happy2besingle,GB
S13NsUZylZ,NewAndExciting,GB
iLTnl_g10,FancyJo,GB
Sy_Ne4b1xZ,patientpleasure,GB
H17kk_bkgW,SamHasNeeds,GB
BJmadUZ1g-,candyflower,GB
BkugmveWyxZ,chelseya,GB
SyLWD3Pbyxb,BoredWifeHere,GB
HJ8WuVzbJe-,Dockie,GB
BJtghY7W1eW,Leilahxxx,GB
Sybx1JDbkxZ,SomeSexPlease,GB
rkrx5awW1l-,BoredUSAWife,GB
BkzT6gWkgb,appleLicks,GB
SkN66fZJxW,indianatoy,GB
rkTecVHW1eZ,Magana,GB
SyzeFfzb1eZ,divaXXX,GB
BJExwwV-1g-,Piper,GB
rkVWQM_WygW,backontheshelf,GB
r1G7M_bkx-,keira,GB
Syt8NzWJxb,elevation,GB
SJAxArI-1lb,Onethingonly,GB
SJPed8Zygb,needsensualfun,GB
HyTvuZJx-,GetABitBoreddd,GB
HkPW9Z4-kgW,naughtychopper,GB
S1pRVu-Jgb,Marzenka69,GB
BJqlYvZWkxZ,bells4,GB
rytDuUgim,69littlemiss,GB
ByIZC7Hb1gW,GBwankers,GB
Hy2CdLWJlb,Mountme,GB
BkIg66zW1lZ,Ineedoldguys,GB
S1mqL4-Jeb,Taste4Tats,GB
HyPWKYPbJxZ,Impulsive28,GB
rkvWxcSWkeW,SeductionSophie,GB
H15FQV-ylb,naughtyjey,GB
rk1WOTgWJe-,Exitcomfortzone,GB
ry4eE4EWyg-,youngexcitement,GB
BJk-0TM-yxW,importantsecret,GB
rJQb8LlyQ,LostOlivia,GB
HJMxVy-WJg-,BEappreciative,GB
Bktlu74bylW,Neat,GB
BJqfG-Jg-,disclosure,GB
B1Hx7ZubJxZ,PlayAndEnjoy,GB
r1zeFGNZkxb,Myname,GB
ryebtDVZylW,Showerwhore,GB
ByIlLv8bJlW,outoflust,GB
BJHMoIZyeW,DevourerOfMen,GB
S1MegBXWyeZ,spagirl,GB
S1no_g-1lW,Bigladyxxx,GB
rknefUQbJe-,Skilled,GB
ry9DXWye-,Komedi,GB
BkHW8RQZklb,neednoboyfriend,GB
B1dYzZJgZ,BiggerisBetter,GB
r1CeVGW-JlW,FallenAngel26,GB
r1i-CUNW1xb,ThongLover,GB
HJQgED4bJgb,SexyinBlack33,GB
SJ-x5dgZylb,CompleteNSA,GB
rys-qr-1gZ,CumAndPlay,GB
B1AezRG-ygZ,warehouseposer,GB
H1Z-Y9L-yeW,NowIDemandIt,GB
B1Mgr9vWygZ,Fiona26,GB
HkFb7cBbyeZ,bubblebathbabe,GB
rJsytGZ1eZ,goodGYALbadgurl,GB
H1FbD-4Zye-,pitstopper,GB
rkNly6f-kx-,HotSince88,GB
Ske-1EBb1gW,truefemaledom,GB
r1ryWb-kg-,anjiee,GB
r14w_BWyg-,ReadyToHaveFun,GB
H1LlzzI-JlW,LoveDogging,GB
BJlEyG-kl-,coolies,GB
ry4bziBbylW,DoggingFiona,GB
rJKesFIbkxW,WildSecretFling,GB
SyKv7bkg-,Lami,GB
Hy8epimZyl-,Lindy,GB
B130UBWkx-,HugMe,GB
HyDZIPMZJgW,Foxypetite,GB
Hkr1Azbkg-,itchyfeet,GB
SyL5fzZkx-,DiDiLove,GB
r1XQHWkxb,ReadyandWaiting,GB
SJS-cvL-ylb,aloneNdiscreet,GB
rk9WfH4ZJl-,watchmewhip,GB
H10g3u8bkgb,itsaGthang,GB
B1beWy7byeb,passion4passion,GB
S1dlCOZWJg-,SexyChat32,GB
rJzKVM-JgZ,Belfie,GB
BJilXYLWJlW,HotelBadGirl,GB
B11evkVZklZ,Tonila,GB
B1oxnyMZylZ,EntertainerLass,GB
BkgneHW1lW,Sasha22,GB
BkcgPR4bJgZ,Samanthaxyx,GB
SyBgau8-kgb,PhillipineFun,GB
H18xhrHWJgZ,JustEnough,GB
HkzdQS-1gZ,HolidayFun,GB
BJJWFuOWkg-,HumanPillow,GB
HJAwfNWJlZ,realsuperwoman,GB
SkvFaP-1x-,JuicyPussy4U,GB
H1lgt74b1lW,seekingthebigD,GB
Hyfl9SIb1eb,playfulgirl25,GB
H1bgmwwZJlW,BeachPrincess,GB
SJ5Wxw-1gb,regularsexonly,GB
S11WGT--Je-,cece,GB
BJCx2orbkeb,naughtynat86,GB
r1gufSZyxb,childhoodmess,GB
SJKx1vHZ1e-,JuicyLucy69,GB
BkCPzbbJeb,aldershotter,GB
r1zW3dQZke-,lee,GB
rJQjDQb1l-,lolapopa,GB
SkUWddSWklW,Rise2achallenge,GB
Bk9cmGWkg-,Nakedriding,GB
Hy4ePoSZyxW,crazilycute,GB
ryCQMO-ylW,Chopa,GB
Skxu_xW1eW,Decil,GB
B14tQl-1eZ,Aimaryxo,GB
rylxU84ZkeW,Paige24,GB
SJEKdmbJlb,Kylea,GB
rJMdMdb1x-,Yemil,GB
HJEepgrW1lZ,Yoi,GB
rk-gEoN-yeZ,Rolce,GB
SkZeWiNbkxZ,Royaslbabe,GB
rycmGWWklW,LifeofNaomi,GB
SJ6-a1EZ1lZ,nuttyNatalie,GB
SJUgjq4Wylb,Alone2Much,GB
rkogmQL-keZ,AmandasOrgyPlan,GB
HkqoMSWJg-,alwaysnaughty,GB
SyDgmDgZJlW,exissay,GB
B1eb4lNbyg-,pancakelover,GB
S1dWx-uZJg-,Rochelle28,GB
SkJgFwwb1eb,NeedItMoreNow,GB
S1n8SEbJgW,OneInThePink,GB
HJFgfDwbke-,open2newthings,GB
SkZbBbIW1gb,Here4TheTaking,GB
Bk4g4DwW1gb,PluckMyStrings,GB
SJXlIRQ-1eW,needanescape,GB
HkXg_v8ZkxW,SecretTeacher,GB
rkKWRk4Z1e-,furtherexposed,GB
SykeojVbklZ,sexylinda,GB
rJQ1Rw-kg-,grabmyassets,GB
H1bZ-3-ZyxZ,unsettledaction,GB
rJ-evl8-1gb,punishmeforit,GB
Syng6Sr-1xZ,TeaseMe26,GB
r1-exUEWkgb,timetoshine,GB
B147e4W1eb,MelRose,GB
BkkWgEbZklb,attentionseeker,GB
BJu-rJDb1g-,Experimental26,GB
ryperpW-klZ,fulfillmydesire,GB
HJ5giMHZkeZ,dancingbeauty,GB
HkCxdUBbJlb,RichinFlavour,GB
rJDkfEbkxb,mollylolly,GB
B1M-cV8ZJxZ,OralSpecialist,GB
SJOx-OUWyeZ,CasualChrissie,GB
SyYlxHHb1eW,mysteriouslady,GB
B1nOfZZkgb,2timingaintbad,GB
H1HbqzfZ1xb,dena,GB
SkCRHbkeW,BendOver2Please,GB
ByPxyPLWklW,sexualmedley,GB
Byagy64bJgW,TheMask,GB
rkLDgr-keW,sunny,GB
BJagU0XWyl-,maddy1,GB
B1exCbwbygZ,KinkyKatie,GB
SkKgVMuW1eb,dixie,GB
HkQgrvl-JgZ,wildchild83,GB
HkEbDzI-yx-,CuriousLooker,GB
HJlla_Eb1gW,squirtatious,GB
SJU-0agbkl-,ActionTime,GB
BkWnAga7z,ammelue,GB
Hy56DQ-kx-,littleslave,GB
B1EbJNSb1x-,GymAndSexLover,GB
BJDb5SZke-,KinkyKayley,GB
ry-jWHZyeW,SilkyDreams,GB
r13jKVbJlW,vanityrulez,GB
SJ7--PHWyxW,PlayfulKatie,GB
HJUl8QDZke-,CumNGetMe,GB
rycxjhxZJgb,Bootyshakerxxx,GB
HJmxZJ--ygW,nicesurprise,GB
B1JgF2m-kl-,Hollified,GB
ryoZ5eWkgb,Kelsia,GB
HySgyXBZyeW,ProperFunMum,GB
Sk-ZAhm-keW,missieperky,GB
rkMgLzG-kg-,Darl,GB
rk7xUjGbylb,LubeitUp,GB
SJcGWNZ1gW,tastyinsides,GB
ByUlDH_Z1lW,NotSatisified,GB
B1YBx7WygZ,JaimeB,GB
SkDXM-kgb,dollfaced,GB
SJReyZSZJeb,Rylee30,GB
ryYW-7--ke-,Boobylicious30,GB
SJ_P5w-JeW,MelsTales,GB
BJ2WXgE-ygb,discreetsecrets,GB
Sk6Dx8-Jg-,H2OFascination,GB
rk-eSv_-1gZ,AmpleAnna,GB
ryD-EeLZkeZ,HotLegsinHeels,GB
HJNRpE-ye-,sunkiss,GB
B1lTGV-1gW,Rubydiamond,GB
ryexKg8ZyeW,EssexPlaymate,GB
Hyhj0Qbkl-,YourMove,GB
Byx-Ou7b1xW,Krima,GB
BkZl8FxWJxW,Chieftess,GB
SkEQyrWye-,Snowprincess,GB
S1eyAmbJx-,luuni,GB
H16PzuWJeW,sexysue,GB
rJDOfOZklb,vandaVV,GB
HJSz_bJx-,naominao,GB
ByqlqtXbJlW,Leju,GB
rJ7bjHWklb,WhatGoesUp,GB
HywxthbWJe-,Cautionallove,GB
r1MxaYMZJxb,Grapealicious,GB
BkTWYZVbygZ,putthefireout,GB
SkDwzbkeW,funseeker,GB
Hkb-j-MZklW,Untanny,GB
rkkeFI4Z1gZ,TheBodyStocking,GB
BkXWgfB-1x-,lucydiamond,GB
HkJb25DWyeW,CuddlyandFun,GB
HJlbOdPWJeZ,BigMama34,GB
Bk_gSCgW1eb,bouncingtigger,GB
HkjxYA8Z1e-,ursforthetaking,GB
H1LF2Zb1lb,naughtyromance,GB
H1JesGwWkxZ,BarelyLegal98,GB
SJBrXSW1xW,strangeoutlook,GB
rJN2RWbkeZ,DiscoverMe,GB
BJEW5PG-klZ,paradisebeaut,GB
SJ1xhyfZJl-,truthfulliars,GB
rycZ_QZ1lZ,MeNYou,GB
H1ylo9mbkl-,LibbytheO,GB
S1NutQWklb,sex1stlove2nd,GB
r1w-22QZkl-,moneyprotector,GB
BkHxTYDWygb,brunette27,GB
HkggterbkxW,Wheyi,GB
HJfWRbWZJxZ,OutsideFun,GB
rygtNEW1eZ,juicycat,GB
ryDERgbkeZ,RegularGoGirl,GB
BkUQ5LbklZ,PregnantNSingle,GB
SydCvLZylW,FindmeaMaster,GB
Sy5gBMOW1gZ,lightscamera,GB
BkBco7ZJg-,megsknowsbest,GB
r1wW1ywZklb,Pauline4Fun,GB
By8lkW-byl-,Sallut,GB
BJeO3Q-ygb,milkyaffair,GB
HJdeETe-JgZ,Viela,GB
HJAtnH-Jxb,whatacracker,GB
ByObPBVb1lZ,Nympho4321,GB
ryix9gvbkgb,Funpursuit,GB
SkTlcBmZkxb,GoodBye2Love,GB
Byr8GdWkxZ,NSAwanted,GB
B1RiVmW1eb,Ulom29,GB
rJssRMWklZ,jamyheart,GB
HJnlxMr-1gb,forloveorfun,GB
By2A6--Jl-,claire,GB
S1pb3Bb1lZ,MamaBoom,GB
SyugIUNZJlZ,sweetsensations,GB
Sk3KIbZ1gW,bdsmqueen,GB
Bkh-RVWygb,urlover,GB
r1FmVOZkxZ,ora,GB
BJZ5nX-klZ,moneyhasnohoney,GB
r14-XbPWyxW,Nimu,GB
B1-kczWJl-,Grely22,GB
Hkcx52Ebkeb,Righty,GB
B1cxzwEZkgb,Tammygirl,GB
HJqMzEWylZ,ravingfanatic,GB
SJgzCv-1xb,AboveTheRest,GB
ByzgcEu-JgW,SoapAndSuds,GB
Sy-g4p7Zyg-,Lucyloo,GB
HkJWbQ4-klZ,sxysabe,GB
ryngQE-1lZ,MysticBabe,GB
rJTxujfWJlW,hardnippies,GB
r18wT4Zyg-,Wellwell,GB
ByK8fdbJlW,SexyBlue,GB
HJitg4-kx-,Mideary,GB
BkngBfEWkx-,rampantrage,GB
rk2KVuWyeb,Upsly,GB
HJb-sdMWyg-,distortedmind,GB
rJixOXN-klW,NeemA,GB
SkRw0EbJg-,Welsha,GB
r1H3_e-kg-,BullPen,GB
BJElR0e-ylW,acl1,GB
BktFoEWJe-,SylviaSly,GB
B1Zgcnfbkxb,flexibleKate,GB
S1l9kISilB,bustybabe,ZA
BkbrGXaAE,naughtyLondi,ZA
ZPkrgJJfz,FitAlly,ZA
SknhNPmWS,DarkAndTempting,ZA
rygMhRfzgr,ButterscotchSA,ZA
B1T6FbzWr,PlayfullyWild,ZA
HyWzx6tuHD,Curlyhurley,ZA
BJMfRcK9H,DontCha,ZA
Hy934ARGB,SexyDependant,ZA
HkKwQZ2y8,ColourfulBratt,ZA
HyP9ZXWov,CandyGabby,ZA
rJ2em1Sw8,aJASa,ZA
HkUF5au7lS,deliciousvee,ZA
ryB2ZxnSr,RechlesslyKeira,ZA
SkGMMmp04,Charmsss,ZA
r1b9txi_r,BuriningDesire,ZA
Byc0jqY9H,JuicyPeach,ZA
jG69ZKPk0,FoxyAndBoujee,ZA
BkztRWD9KU,ChiliSweetness,ZA
SkBX-KN0v,Wildhearrt,ZA
HygBB5VAkB,perkyblondie,ZA
xePOfIhJA,YoLogirlx,ZA
r1PquuweB,MrsFunkyMelon,ZA
rkPRMPNjgr,sleazypleasy,ZA
H1lnNqnlWr,curlypop,ZA
rJUbpBvlr,SizzlesAndSassy,ZA
S1nbTBveH,SensualBaby,ZA
Hyx3jcYcS,SavoyBeau,ZA
ry7HjfQTR4,BelleFleurBelle,ZA
SycvphE-B,KeepingitKelly,ZA
rycEBwmbH,WildChocolate,ZA
rJpZd0egr,tantalizing,ZA
rJSAfiycw,xFunGal,ZA
SJl1Hc-MWr,RoseyRosanna,ZA
SJcC9z-3B,SoaringG,ZA
BJUtb0nlr,KinkyKeisha,ZA
ByRbPEixr,rubykisses,ZA
ByihsctqH,SecondKisses,ZA
r1xwq-8hD,Daintycookie,ZA
SkINbChgB,JamieLovesYou,ZA
S1e-_TO7lB,Malificent,ZA
r1yvMXpC4,BBWforyoutonite,ZA
SkloX-tECD,Ocra,ZA
r1eIUG7aA4,Buhlecumfindme,ZA
SkILmtvpH,Maidie,ZA
Sk881fGer,MamaMILF,ZA
H1_TY-fZr,FilweCakes,ZA
r1k_C3Kpr,BBWero,ZA
r1h4gF4AD,SoniaDee,ZA
r1eIub7TAE,AREUOKANNIE,ZA
rJ7kym_ixS,GoddessNiki,ZA
B1dSZH7WH,joylick,ZA
HJVnFbMbH,xMimox,ZA
BydhvUAJB,SkankySam,ZA
rk5KTd7xS,LiberatingVixen,ZA
r1DSE-x5xr,SexyNto,ZA
SkTCHWXMv,Monaqq,ZA
SJYqPxQQv,DPQueen,ZA
r1_NBwmWH,YourBuzemBuddy,ZA
rJUkSFqHw,TheOneDaphnee,ZA
SJzb8W7aR4,Randburgbabe,ZA
HkkMgveQI,SpicyMoureen,ZA
HyxZ8zXaCE,Thandiwe,ZA
rkquTdQer,MrsKink,ZA
SkYHQujcI,MonsterriSER,ZA
HJ1KNVJMw,SexyFriz,ZA
BJZJtRaN8,LoveYourMind,ZA
SyeTpYne-r,NaughtyJayde,ZA
BJpxZ7udv,PerfectPeach,ZA
rkOV-Q6RE,SpankMeTash,ZA
H1MJo-maCV,dangerouslysexy,ZA
Sy9nBY9LU,FreaksAllowed,ZA
HkZ0AqYcH,Dinahluv,ZA
H1pSBv7bH,ExoticKay,ZA
BJWriFNC1B,FoxyStorm,ZA
HyOifrAzL,GothicaRuby,ZA
SJ6WF2ebS,blondepoppie,ZA
rkqUXBw7WB,BBWMami,ZA
SygxWYZC2xr,ThickLucy,ZA
ry5e9gdTw,candycum,ZA
S1x6XHPQ-r,TantryElle,ZA
H1h02BvlB,TattedStacy,ZA
BJeTVdKOxS,MamaFantasy,ZA
HyUQPVsxS,LadyKayKay,ZA
BkM_zYhxZB,kinkybae,ZA
SyeRXutOlH,blueyedbeauty,ZA
rJiqpF-fZS,tibblenits,ZA
htvW6eM-j,MsFifi,ZA
r15f5bG-H,SimoneSays,ZA
HyUjbXaAV,Larablondie,ZA
BygLMqbM-r,curvybaby,ZA
H1q9_OPeS,BadBunnyJessie,ZA
pispZumEol,ChocolateSpunk,ZA
Sy_jfm6AN,Caramelblush,ZA
ByeoOdweB,Mrslovepanky,ZA
BkUWvpdgB,CajunNatt,ZA
Hkmlxaxgr,IconicBabey,ZA
BJqepHwxr,BadgirlCasey,ZA
oSxmDG7IZ,sabiansabi,ZA
SyTNBPQbH,DazzlingSutra,ZA
H1G7azZ_S,BodyFreeze,ZA
H14dp_7gS,PunjabiFire,ZA
HkzBJSwmbB,slinkypie,ZA
SJv7vZ7p0E,KinkyKami,ZA
B1eVN5ZGZH,cherryberry,ZA
HyUPJKN0v,FreakyFiddles,ZA
ryk1arwer,LadyThor,ZA
B1kLgK4RP,TheOnlyEsona,ZA
HJ3JSPmZr,Lickilicks,ZA
HJBKrrwXWB,glitterbug,ZA
r1Gat-GWS,DirtyDineo,ZA
Hke2XkY4RP,Dangerzone,ZA
SJ14JeITL,DeathByCaramel,ZA
B1efJTrDlr,funnygal,ZA
BySTNLiMP,Belizzza,ZA
rJyGrDX-B,NaughtySami,ZA
H1XUAbmTRE,CurvyLyf,ZA
Hye7ahE-B,IgniteMyFire,ZA
B1W3mzXaRV,HotAnalLover,ZA
HJxwUhaBH,ChongaMagic,ZA
Bylf55128,PerfectHarmony,ZA
HyH1KwveD,LadyInTheWild,ZA
SyklTSvlH,TantalizingMaxi,ZA
HygsCMdoxr,boujee,ZA
HygxKOdDxr,SoldierHunny,ZA
rJZ4fqWMZH,AfricanCandy,ZA
r1dKuODeH,VivaciousKat,ZA
SylyygtV0P,EscapeThrottle,ZA
H1GEibmTCE,LizzyisBlonde,ZA
BJnu-QpCN,PinkyAmreet,ZA
HJlTt3eWr,BlueDove,ZA
B17r62VbS,FreakUnderSheet,ZA
ryaus2dlr,SpunkyVix,ZA
rJeNu81-lH,KinkyLizzy,ZA
BygVoG9kxS,honeyblaze,ZA
rylVqK4ARS,LaceyD,ZA
BkBMyFVRw,fierylove,ZA
H1e12PURkr,SexySimone,ZA
rkYSSP1WL,ShooterBabe,ZA
BJ_ai5tqH,DatingIsTrippy,ZA
Byt1B5Wfbr,PleasurableEve,ZA
rkxCFS7zP,pierceable,ZA
ryZV4ZeqgH,Cybervixen,ZA
H1vfCuPxH,Uberkittykat,ZA
ryr1IrsxH,SassyJustine,ZA
HygB5bzbr,BlondeMistress,ZA
SJebyt40w,TasteBinder,ZA
SkmIbQaRN,AHNneekah,ZA
SkJ1S9UOD,EyesOfParadise,ZA
r1WkVT34bH,QueenZodwa,ZA
HkMljK2gbB,katinahat,ZA
r1x-zxtN0D,PowerfulPlayful,ZA
rkFQZ02gS,VioletMeg,ZA
Hkgq_uPgB,MissLurvv,ZA
HJzyBZH7Wr,doublegum,ZA
rkfnMw4ilS,skaterbabe,ZA
rkiBj4FxP,DeliciousMadame,ZA
rJicJd9r8,HoneyBum,ZA
HkSrmSPQ-H,marmalaid,ZA
rkNmYKWGlr,CakeBatterBaby,ZA
SkP1DXaCE,YummyStace,ZA
BkPLPbm6CV,TantaliseU,ZA
HyHnFhe-B,mysticflower,ZA
H1e4GQTCN,SarahChic,ZA
B1Z0yHPQbS,blackcinderella,ZA
BklgAKbM-H,loladey,ZA
Bkenchpl-B,FancyPanty,ZA
SJxKqTNp4H,MidnightMirage,ZA
SJu2P2lID,AngelLegs,ZA
ry-_UfQaAE,SexybabeFeli,ZA
Hyu0zfYo8,FancyBums,ZA
r1xZcTd7xB,SinnerNoSaintt,ZA
rkbKZR2lH,BombshellChris,ZA
HyxGF2xbB,isquat,ZA
BJFM08luI,wildeyes,ZA
SkgctKdvxB,PlayfulZz,ZA
rk7mC8Uu5H,Sextrra,ZA
rJ752TeWS,DarkVixenn,ZA
HyxSbHDmZB,SmashMeSilly,ZA
SygKkBD7-H,SexByThrottle,ZA
rJiUzQaAN,BetweenmyBoobs,ZA
H1bCLm6RN,greyMel,ZA
r10Igt4Cv,Lollipopop,ZA
H1j_24aEH,GreatSparks,ZA
B1xAWo74Vr,FreakyGoddess,ZA
BJ-AGGLCB,BarbieSubb,ZA
r1grXM8CS,RomanticEcstasy,ZA
HkZqMa38B,LittlePieceBomb,ZA
SyxqIBDm-B,SexyMummah,ZA
BkYeaEpES,MegaSnowflake,ZA
HkTQ62EbB,Msflinstone,ZA
SkgEjgPTIS,VonTease,ZA
ryWW205UBB,PrincessSwarn,ZA
SJs_d_PlB,WilmasCherry,ZA
Bk736EpEB,CurlsAndLips,ZA
HyZf9gidB,SensoryQueen,ZA
Sk2Hhctqr,KinkyRea,ZA
r1MLkYEAD,Conductor,ZA
HJFXGYIFS,WildMich,ZA
H1wd2V6NS,PreciousSwarn,ZA
SJlbsbmpCE,VanessaaaT,ZA
HyOGOCxxH,DrippingHot,ZA
SyWY5xFLS,LovelyCurve,ZA
8RSD83gfx,XChocoLisa,ZA
SJgz0PCexB,Cyberlexi,ZA
ByEpAt40JB,MissVeronique,ZA
rJKJLpHwS,SexyTower,ZA
SywGvkyOL,AuburnAppeal,ZA
S1fsaVTNr,BionicClaire,ZA
BJwrRJfFr,KinkyPrincess,ZA
BkarREp4r,xSamix,ZA
B1e44HP7WH,CurlyGoddess,ZA
g05XrqOp_,fluffycherry,ZA
S1gpERV64r,TattedJamie,ZA
H1Wm0XlMES,DirtyDanielle,ZA
BkWM9ERJH,KinkyKaren,ZA
ryxdb1t4Cv,StrangeBrat,ZA
B1lcJS9zYU,prettybackdoor,ZA
rJsz4nolw,sweetblossom,ZA
B18JaBwlS,eyecandi,ZA
BylN3FiJJH,Pinkynips,ZA
BJjYk1UND,foxxykiki,ZA
HyHNoOuvxS,peachyprincess,ZA
SyTGPqkIB,JennaT1,ZA
2Fuffmtqi,NurseRaich,ZA
ByeKCO4CJS,CoffeeDevotee,ZA
r1gBIOyxS,tootsiewootsie,ZA
Bk38_uToH,BadGirlFierce,ZA
H1ALCCM0I,MilanRouge,ZA
BkQvTVpNS,Endowment,ZA
HkVchN6NB,MegaMixx,ZA
r1_MIGm6AN,Zolababes,ZA
HkqkYmk9v,MistyCharne,ZA
rklcYF40yH,SexyLin,ZA
BkzLBwm-S,NerdyNadine,ZA
Hk40Ab9xU,AngelAsha,ZA
r1lRpfkMtH,GameToPlay,ZA
r1TMz0BKB,TornadoPack,ZA
By4unfx18,sugarfairy,ZA
Byg3JAVaEH,SweetPearl,ZA
BygheQfIAH,BurkhaPrincess,ZA
rkzHRmCJH,Bustybooboo,ZA
r1qFz_H78,specsandtattoos,ZA
H12m7CSKS,HomebodyDuchess,ZA
r14o2t2gZr,SexualGoddess,ZA
BJWwktE0P,curlywhirl,ZA
SkAi7UPiH,ChocolateChips,ZA
B1xTwaOmgr,steelgaze,ZA
HkbmMc4AyB,BustyRebecca,ZA
Hy4EX62LB,ChocolatePotion,ZA
rJcj1KECv,Olwethu,ZA
HJxc_0NU8,foxykitten,ZA
SyeZFYVRyr,EnticingCamy,ZA
B1p13V0SS,Camila01x,ZA
HyIR06rUP,HotChoxx,ZA
Sk79P5etIB,PunishGirl,ZA
rJXqvdXhB,PhatPraise,ZA
HyYJz6h8S,HighKeyBeaut,ZA
r1SvHge2L,MsMegan,ZA
B1mPQKM3U,PerkyBux,ZA
SyAfX15vH,SpringFlower,ZA
SJAr62Ca8,HotReadhead,ZA
Byg0LBD7ZB,BigBootyHooty,ZA
BJWKwic6dS,WitbanksFinest,ZA
rJgSbCVpVS,Sexymommy,ZA
ByNZySTNS,OrangeBlackEl,ZA
SJ8eGTWOr,JuicyButt,ZA
BkybpvIdw,AllOverHead,ZA
S1fgbYECv,LikeItFine,ZA
HJZWBPmZH,Greeneyedkitten,ZA
rk4ikt4CD,Sinstress,ZA
By5dLmjkP,Versaceee,ZA
S16bJLh_S,MischiefAndBuns,ZA
S14sP6ReP,HawtSugar,ZA
Hky_gKVCv,FemmPhoenix,ZA
Hypb9WzZS,LickableNCheeky,ZA
rylbGM9LrB,FlamingCore,ZA
HywCaNp8I,DragonTits,ZA
HJWlu6exD,DarkChocolatey,ZA
H103nTg-r,PromiscuousG,ZA
S1WK9TO7eB,DandelionChica,ZA
ryG-_lQ4B,KittyKatja,ZA
BypdMcU5H,Arousa,ZA
Syx38v5iL,MsFine,ZA
BkKsVUGjw,womaniCE,ZA
BydkaSIdU,ZestyBabe,ZA
rknAmvfi8,LadyLion,ZA
rylCHyuAq8,MindSeduca,ZA
rJgISHD7bS,AfricanDessert,ZA
By6o9D3O8,SexySauce,ZA
BklYxuP0AN,thickNbusty,ZA
B11I-XTCE,SashaCUMS,ZA
B141F4CyS,PrettyandChic,ZA
SyBWjn6gbH,BadKitty,ZA
Hkl7OyK4Rw,PinkieG,ZA
S1rGRbma0V,Spicybuns,ZA
BJawZQp0E,kinkyniki,ZA
ByrCZmpR4,GeekchicNadz,ZA
SyDnktV0P,ConnieStacia,ZA
Ske85pOXgS,LadybirdRed,ZA
BJ5pXfXpCV,KZNBabes,ZA
BkE2IX6CN,YummyTami,ZA
BJ6OOdwgB,greenolive,ZA
HJIMwfC04,spunkyM,ZA
SyP9tERJS,LadyElektra,ZA
HyeQ-C3er,TripleEEE,ZA
HJTrYNRyr,RomanticAtHeart,ZA
H1gkrwmZS,Lorenax,ZA
SJUIqECkB,xxbritneyxx,ZA
rJ41jnagbr,YourWishIsHere,ZA
H1xcU9VC1r,xxxrideONxx,ZA
yGMLDvQqe,LekkerRene,ZA
H18H-QaRE,youfindmesexy,ZA
H1yF2cFcB,CarolePlays,ZA
SJxzw6_mer,MsMiranda,ZA
BJN_Z7pA4,ThickSAblonde,ZA
HkJZzQTRN,SweeTTee,ZA
Bk86sHoqB,BraidBoxx,ZA
BktFPbV4H,BreeBrie,ZA
BynpEPXbS,BcurrantLips,ZA
ryTH7_Ssv,slipNslide,ZA
Syr8-QT0E,LiezlFORpres,ZA
BkvjKVRkr,sexyLOLO,ZA
rkcvt4CJH,BlondeCharlie,ZA
B1xZBAY0Fw,jollyDOM,ZA
B1Ds-7TC4,SexyloveKarin,ZA
HymsWQ604,Blondieambition,ZA
S1q0-X6AN,RideorDieChels,ZA
H1vgQzm6CV,Desperateforsum,ZA
B1le_-X6RN,FillMEwCum,ZA
r1gjDZX6A4,BeingRoxy,ZA
SkbHWcN0JB,TattedNat,ZA
S127ZmaCN,PrimPriya,ZA
rJ4An_2rD,BoitumeloD,ZA
H1A2bzQ604,Maaryazbody,ZA
rJblIKER1B,Upbeatbabe,ZA
HJKQAX0AV,Mbali,ZA
WVHyKJ9lB,BombSquad,ZA
HyXOeHvsL,RoughAndTough,ZA
rygetyYN0D,honeybubbles,ZA
SkxSZkcUrB,PlayTango,ZA
BJCDOOwxH,ForbiddenAngela,ZA
SJjXBDQZS,LusciousKay,ZA
rkrZuV7eL,SexyCarnage,ZA
B1bvd_uweB,NaughtyangelSA,ZA
SygqzTcd9S,SuperExtreme,ZA
rkQwO_wgB,Notreallyblonde,ZA
HJe_V63VbB,Recklessmoan,ZA
rkGEyWTzL,SweetPsycho,ZA
r1Zlf5-fWH,RedAndDirty,ZA
r1JXJFV0P,BentOverBack,ZA
Sk1t0VJEH,CaramelApple,ZA
H1bzG7pAE,QueenBerny,ZA
H1HjMBdpP,margoqq,ZA
rkJ7dF_gB,SexymumAkhona,ZA
S1x6NwQWS,vanillaJuice,ZA
H1tyXTh8S,PinkPaws,ZA
-uBJvdyT7,SexyLogger,ZA
rklJHbtNCD,VegasEmpress,ZA
kn9aBsD2G,PeppermintKiss,ZA
SyxkXU_UBr,Sensaint,ZA
SkXmOu_vxr,LegalDarsha,ZA
ByV72oBPH,ScorpionEye,ZA
HkVeexVjL,PurpleGoddess,ZA
Sk-2gr2egr,Voluptiouskitty,ZA
r12Ra4T4H,YoungNBad,ZA
SJgBZprPgH,bandiblu,ZA
SJHnZ_OzH,MsDangerRanger,ZA
S1clHwm-S,SexualLionness,ZA
S1x7SwX-S,AfroDolly,ZA
BJ6nImpRN,xxRaWnHardxx,ZA
BJDERXCyr,SpicyZeynap,ZA
SkxLBGmaC4,spicykarabo,ZA
H1zZlqhlZr,AutumnSurf,ZA
SJbM0zujxS,MesmerizingKezH,ZA
pkBOTJXFv,SexyVixen,ZA
rk9d-XTAN,SlimCatx,ZA
SJYFJslmP,QueenDutch,ZA
HkgnGxFERw,sweetsparkle,ZA
S1ZyGcERyB,MysticalBabe,ZA
HklO4uKOgB,tattedbabe,ZA
H1loxxUJMB,CantBeTamed,ZA
rJx4fzXTRV,NurseCindy,ZA
rJ9hVri3w,PrincessGrace,ZA
Hy4yRWXTA4,RaunchyRochelle,ZA
HkvAnSvlH,MishkaBabe,ZA
H1xqKZAhgB,MissFancy,ZA
SybLYWm60E,freakynature,ZA
rkIHH5EAkS,iTalTalia,ZA
ByzlcnlbS,lovenpassion,ZA
HyHQyKV0v,Nomcebo,ZA
rJzNGuyEw,FrenchSlayer,ZA
HklKvzPgU,Lovelybunn,ZA
r10klvOv8,Subkitty,ZA
BJZwmniQU,lBianca,ZA
HyCzc2lbr,FoxyTracy,ZA
rywjWM7aAV,HoneyBloom,ZA
r16NWAneH,TastyLo,ZA
G05vbZdkL,babeSamantha,ZA
SJC7q401H,WTFMolly,ZA
Bk7-dYN0kS,StuckOnCiara,ZA
Hy7qbQaRN,Leehasthicklips,ZA
r1pEUO1lS,EmpressNicole,ZA
HkR2YVCyr,DoraPlays,ZA
r1L_nT418,HCrush,ZA
rybfdF401r,MustLoveCatsSA,ZA
SygN53qFqB,rosepetalsx,ZA
W3WWyqiOV,BustItDown,ZA
BkECvzxOL,Bilhababe,ZA
HJVyY-02lS,LilBoujeeBabe,ZA
S1coKoJJr,perkyblond,ZA
S1xeFs3dlB,citislicker,ZA
ryvTZXTC4,NasiegaH,ZA
rJguPbQpCN,SweetSal,ZA
SJ55WmpAV,Physweetjuice,ZA
H1AC_NRyH,Yoginibabe,ZA
HJHRXhImw,ToughLoveR,ZA
r1YDOISOP,AnnieSporty,ZA
B1l_d-CnlS,ProvacativeG,ZA
S1X0JYNRv,ElecticJes,ZA
S1K3Ns4GP,Rachel777,ZA
rksuFEAkr,ExecutiveHottie,ZA
Hy9AU7pRE,xxtinydirty,ZA
BygY-AneS,FierceRedHead,ZA
Sy37CQCJH,MarvelousMaris,ZA
rygE2bQ60V,SweetSash,ZA
Hkg4gdAgxS,Funkykitten,ZA
TkraFme3_,TattieQueen,ZA
SJLWiuaYr,SenoritaMaddy,ZA
rkeywbQpRV,queenAudie,ZA
HJbn4becgB,MamacitaA,ZA
SyGzB9VC1r,lickieTasha,ZA
r13238OhI,pinksparkles,ZA
Hkx-L6h4bB,TastyPineapple,ZA
S1Mv6nV-r,BustyBooty,ZA
t6t0yIcVX,EnjoyMexx,ZA
BJzeHa28B,sunbunny,ZA
ByiGvG0AE,SecretGiggle,ZA
BJ7SA_ekD,Dreamzet,ZA
H173IMQpAN,BootyliciousAna,ZA
Bkej0KNRJS,sexyhuny,ZA
Hy-MmPNoeB,tittyteaser,ZA
SJglfuRglB,EveSupreme,ZA
BJ_Q93eZB,PrettymamaZee,ZA
HJemszXaAV,kissesforkim,ZA
HJz0t4RyS,VeryMuchVanessa,ZA
S1eaK4CyS,lickyLu,ZA
J98nvJL3d,Curlizle,ZA
rJgTo-QTAV,AnneHendrix,ZA
H1imVcNAyr,CyberGypsy,ZA
r1bq6Y4C1B,BodaciousBecky,ZA
ry3AcRz_P,NastyGyalRey,ZA
HJGpmzmTA4,NoNameCandy,ZA
rJeH4FVAyr,RondeboschIndie,ZA
Sk-iGQ6C4,CynthiLee,ZA
SkEF0nBDeH,TattedChevvy,ZA
rkBnaYV0yr,TThotx,ZA
rknJu0xeS,BustyV,ZA
SJUTt4Rkr,Alphababe,ZA
HyxhqGm604,Debzz,ZA
ryLw6O7gS,OhSoPerky,ZA
BJgVXZ0hgr,MsCharisma,ZA
Sk-bp9QWyx-,Passionsexe,FR
r1LZoxOW1gZ,parisestmagique,FR
HkWl6EV-1x-,Diping,FR
Hygy5zW1gW,cocochanelle,FR
rk-Bb-byeb,Pas2taboo,FR
B1HDkO-1lb,Noraaa,FR
BJzxGGZyl-,Mily,FR
HJNlqPfW1g-,Valouxxx,FR
B17xVlZJxb,XXCaroXX,FR
Onp3Z8UeX,SwngMyHips,AE
qQFUzIdUH,CllUrblff,AE
sNm6ZnoCT,NoNegtnsLckHr,AE
wXZ4rSA3r,SgrySweet,AE
PSYOuZLtK,FrdUptoply,AE
WFJIP-Wux,NtTchAllTme,AE
SaGsbyXtG,WtnWld,AE
w5xlFNmzq,RdLshDvne,AE
p1c3suW4L,SeductiveTease,AE
RTld0MS0c,RightReem,AE
4jju5Wkat,PlushPoosh,AE
dYDXkAAxzL,HoldingMounds,AE
bw_bl5Pxq,SwingRound,AE
NlDdbWE_3,BeachyBabe,AE
h9ao_01h1,CocoaBeen,AE
CLJ7X_YF9,MesmerizingSway,AE
qHo1pILnP,SexyNStudious,AE
g6w_QB-Yy,HghonTop,AE
KOSG3aZJz,TchToFndTrth,AE
T_2mm1NyM,SMckDtGodwn,AE
Za3Tog61t,LvtheWet,AE
n4fYU2K7h,KickItOff,AE
a5DrJgmrg,KewlKute,AE
nA37a9nZj,LightBluBunz,AE
Jy73mo2lF,CootiePatootie,AE
VShvn3_Y1,MoistFolds,AE
TanC-qf73,BubbleRear,AE
3BudnEacB,AwkwardGrin,AE
9pzvYO8KQ,PillowFace,AE
eQWWXTFIp,UrPleaser,AE
evj5xmiqQ,GoBritt,AE
bFFSwiOND,BlowStick,AE
hB7tD27yQ,Nancynator,AE
3J7_5hqtF,TastedYou,AE
IeCbgmI6L,KumHere,AE
ReejBcXNK,SucculentTits,AE
RqcnA2zbX,NeverScared,AE
dRyHTzCW6,PowerfulSmile,AE
nf2S8BRUC,NeverEndingHope,AE
niFLkFyO5,BoldEm,AE
nCs3fc4iR,NibbleNabby,AE
hNv8Qt5B5,FstrThn,AE
xbcozNfOU,SpnkThnrse,AE
CfHJR9Qar,StickItGood,AE
9H6DpJ8rbP,LtsOfLghsFrU,AE
Qc4UaVcgJ,TapThatButt,AE
WW07_Dcwm,SgrFrSgr,AE
-jTqgYH7T,NikkiBish,AE
ld3Yv2gBc,PshHrder,AE
E8gAck8Al,TwiceAgain,AE
5DHKrYtjC,PsthJyStx,AE
9vgBFOi_A,DissatisfiedGF,AE
m9CtVq0Wt,KinkyKitten,AE
wqensrQHa,PrgrmdToRcv,AE
47HzBgQwt,HtOvnLvn,AE
5iiwukRVw,MksUstrnger,AE
PD2uknktS,WhtShldBnxt,AE
ufphHBYVu,GoldenFang,AE
5ssf39nMd,LstfllyWshng,AE
axY1CSlVV,JtStLvngFn,AE
Dfu4wPfad,SldeRghtIn,AE
J3K_MyF3H,TryTdoAll,AE
K3dDjk_zw,InHvnNobr,AE
2Y3I7PgKX,KpUpandFnSN,AE
PBTr-4uks,RdngMyHgh,AE
JYNTQ9U80,ITStar,AE
4wa9p02ELf,JstFnfrNw,AE
A94CNQ1B8,SltyLkeSea,AE
VwmxrjmA9,PlyGmesMyway,AE
vOBsxHYzo,DwnUndrSea,AE
O7h78Y4B4,CatEyeLewk,AE
cywCahqgH,KissyLips,AE
LwKWz1FK6,FirstClassLady,AE
F9lqC9PdN,FlowerShower,AE
43eAMk785,ButterBite,AE
6XM_PT23J,ItBounces,AE
de5CATPm-,LovingSmile,AE
Ik1gvOQ1B,LftOutHere,AE
Xzb1NfCdYP,LargeBewbs,AE
YiNJQZOxo,LfeShrtSomI,AE
Tsx31Zhkn,FlirtyFantasy,AE
S5mqxhSE7,DreamyLook,AE
cCFIwYJfa,ThrowingItBack,AE
9rqcAlI0F,TwistTease,AE
vDYXrGfuC,LfesPrtnerNw,AE
rpUx_tSuT,MgcKtchn,AE
xVUsaJAmJ,SensualRider,AE
-ijtLF2by,WhtKndsDulke,AE
ScKfg-Iys,MuchHappier,AE
3nwcy4fMJ,Plljstrght,AE
rZp9Xu2dU,TchMeWhtUgot,AE
VPtkYBzmL,LghtThrHlng,AE
SGwq9aguM,CldUShwme,AE
E1YXFDjTl,MstnMkeItup,AE
iRWWTGhMq,RckHrdLve,AE
Pi-xmT5b1,StrkFrstNGo,AE
R0sGLUKJn,HtSceKtchnLve,AE
txB5EguJo,TstyBtsinMth,AE
hkqN2HHbI,LstFrSn,AE
P3EdnjUMA,WvesOfDsre,AE
b0hWsrF8I,LadyJenn,AE
Ta-pC57Di,CarefreeSoul,AE
OfR9wlsRq,WiseWitty,AE
1d_KwZCDa,QuarterMoon,AE
Yk6g-nLG9,RaunchyRashy,AE
sN0Pjr8CFF,ChocoKikz,AE
onDVnY73j,NeveeBabee,AE
MVptsp5BB,DemTitsTho,AE
QS1KmUf11,ShapeLikeCourt,AE
WZVB64jhd,ByAThread,AE
CB0Ogczg3,SpicyTouches,AE
kJkSTGJ4Q,CubeBrick,AE
UwW-Tnii5,lVetheStmtch,AE
YI3gLSL2P,BcktsBlls,AE
QMJY9CCVD,PrgmSmeFn,AE
s81IupCW-,DirtyGurly,AE
CJkjyIgZ-,JstLkeIlke,AE
n50jgq9fn,SrchThTrthWme,AE
6U0NEpe68,NthngFrFree,AE
IyjLXemBw,ThrwngItin,AE
VVQG0DniB,LghtThrghTch,AE
YSv7-iJTQ,SpinFrLve,AE
FykNz1HTd,LstFrTrvl,AE
XmI4U_6Nd,SllThSzzle,AE
LCDAZOx0c,SnSkngLve,AE
oWBL86Kto,WildTaste,AE
00Cxq5O-v,SngMeUrsNImine,AE
qHYCD1JI1W,SeductiveSlurp,AE
6kDSwzbzs,PckMeUptkemdwn,AE
enGLcrWdK,MakeItTalk,AE
M9UAbOHnk,ShadowDay,AE
Ra7RrcAeB,SilverClink,AE
zTCLjXpVJ,AngelicBabe,AE
XtVH6kEF-,CurlsForDays,AE
uyLWGJGCC,ManSnatcher,AE
zY4kd_FVj,NiceSpicyGirl,AE
9qXw9nUB4,SippingOnYou,AE
cMXwQDG3H,KissMeThere,AE
4A5flYTaJ,YesYassy,AE
zisejymV0,Geeya,AE
Dzy2WBcj6,LovelyLolo,AE
q0M-QKtsw,TinyWaist,AE
xtqjAb9vv,MyDiary,AE
yy_fyh3DQ,GorgeousGamer,AE
8vsRirSQ-,GoodStretch,AE
nv2_56-ZU,BeautifulOddity,AE
1oaIgw_S2,WetTwister,AE
4pzEbTK_i,DatsDom,AE
bJbPaCwPa,LstForWtr,AE
7gKRW3ZHw,NtTooLte,AE
oDywZGLV2,TryMeoutFrfun,AE
v3ktzUyzV,TsteThlve,AE
UeVEUV9n4,SugarCream,AE
WvXbRvcCK,Danalicious,AE
Xnw_JtMLs,EatTheCake,AE
djnybmijW,LavaStar,AE
O4i5dHd4i4,DsgnThDrm,AE
lvVo2lbCv,jstNideaorTwo,AE
vLdlR7j_2,BedroomParty,AE
zQuqlp7z1,DownJiggy,AE
P_WYE5oP4,ShknNtStrd,AE
pVkanBF0s,JstUrSze,AE
lxvIaecu3,TightAndRight,AE
uqAE-zCE3,TrytoLneUp,AE
SQQf-r-yy,TllTles,AE
L9h-bBLvm,TlkAgdGme,AE
0DXmH9y9t,BlsTdrnk,AE
z7jnbc2ZB,SmckStSpke,AE
AypDGiIrH,DnceThrghIt,AE
LRR3pkGA9,BeautyBri,AE
Uj0WWOJIy,YesYara,AE
xKFOW96rF,QuirkyCool,AE
x9wfBiLd8,StrokingFinger,AE
u4tmDHyzk,NaughtyNoor,AE
5TBVFQArX,KissKay,AE
PANEY-uHj,SimmerSima,AE
myfWV8E55,MuscleAndMeat,AE
ZGY6AYvmL,StuffedOpening,AE
JRYlL3EhI,SexyTrotter,AE
nLHLFYnzr,MissLara,AE
iKbA2VqpU,ShhMySecret,AE
bpvOUZ4Hy,FlutterLash,AE
ojEf0rMbJ,FitFlirt,AE
DsKuJ5Q00b,סימהבמים,IL
POmg2alT1,SexyChemistry,AE
LLxQk03ct,חייהבטבע,IL
mqrr0L2on,מיםגשמים,IL
VBgvphIsd,איילתהשחר,IL
qKvM6jpLK,BlackMumba23,IL
pzHstKEDC,רטובלי,IL
u3ou-Sv-V,נשיקותערומות,IL
rHKvDuEqO,הנסיכההעדינה,IL
_QGevsOSo,סוכר,IL
hAhG17jg4,זוהר24,IL
ZXCxc-a18,תותית,IL
HDP0wsSQo,ללכתעליךעםעקבים,IL
8UIrTQbIS,לטאהבשחור,IL
ff9yT5Osw,SexyCat97,IL
_7sbFr00s,מתפנקת,IL
dUFVGTxZ2,קיקי20,IL
zYNNwET9e,GoingKimber,AE
5UsoEQLSf,TheBestGirl,AE
SPsDBulAE,GlossyLips,AE
LnXK0NbdH,BananaDrip,AE
hmJg1Uyws,OngoingFun,AE
N-Xh1fvZV5,שקליבתחת,IL
hJCFtdAmR,CumtoMexxxx,IL
zhEmgPcbd,יפהבשחור,IL
wcfURmAWS,רוקדתבכחול,IL
YJY0SbN8h,אפרתבחול,IL
ttASLXguAd,beachbody69,IL
Vuso4-cwE,המפונקת,IL
imFK8lPZP,Givememoremore,IL
huflGIlxl,מאיה29,IL
Z2fUqFBsk,Hornydreamsss,IL
sN29DbbOJ,תענישאותי,IL
FyMVQrJre,לבכחול,IL
fESVKsjjNr,FruityPuss,IL
yyRkNwfPx,חייה,IL
0XNO40ryg,ציפורשיר,IL
rYPl-DZtw,רותיתותי,IL
Qd8FVvVrC,LoookingForYou,IL
zteKH_QIU,שימרית,IL
U9ZXZwGHM,המלכה,IL
ESg3FtPCl,TooCuteForYou,IL
sToC4ID_8,Nottheordinary,IL
cfXb7Ylma,פומיקי,IL
iqsMXhZnd,SexyGodess96,IL
Qnr4jV7xk,Pixie98,IL
6RJlLDT5-,קרןאור,IL
WV-CNP-Xz6,Spankmeagain,IL
4fP1Ob3vm,צופיה,IL
QDkWBDizB,פרחבלב,IL
bHt7sVHsb,טקילהסאנרייז,IL
qz7bVOicn,MissRabbit,IL
1c1B6uRRq,ילדהטובה,IL
i4Qo2m0hP,חדווה,IL
dnkRtciVd,DejaVuKArma,IL
s_nIaQgY1,LovelyAngel25,IL
0wxh7NSsL,GlitzGlamGo,AE
Bd9ykKveY,HotIcy,AE
NyipCWyKy,פ1פיקית,IL
1O2sA9NZN0,ColorMeBlue,IL
iA_2DTO8d,L1ill2y,IL
rZLkJDrS0,Universe200,IL
5FtJLSU4R,Matilda20,IL
WTx_lHz7g,גדולה2מהחיים,IL
zhQ9xgloF,Lightening2bolt,IL
9G6-T5gBF,TweetyBirds,IL
n5WhE4FHH,שלגיה,IL
OqtCB0bRW,PinkyToes,IL
h6_GZ2EJd,BlackWidow666,IL
kyFk84sb5,OzzyOsbourne666,IL
0MpjhlmRc,גילי,IL
2zjIoonYA,Sunnyflowers,IL
2IksezT8L,SexyRoses20,IL
ROrxaoINT,1TheBigM1,IL
cZUjHUh-J,StickyCreamer,IL
JmT3C1-iAF,Wetunderwear,IL
_pD75Ys_C,Rocklady,IL
UMsWbcVj6,קצפת2בתחת,IL
Sh5crPPdN,טינקרבל,IL
5tHIU6eaf,Berrycake,IL
Qg6olOr6o,DickTracyM,IL
6qd3rZSkH,סופרוומן,IL
159XmKJwD,פומיקי46,IL
V7XPWIij_,666CatWoman,IL
BMdODclCb,Sweet1Cheeks,IL
q_4DKhGyp,2Marvel2,IL
M8zbud55r,LizardTongues,IL
qlkRuV8qD,הפנתר3השחור,IL
KG7rh8qcl,Pure2Slutty,IL
sb7FZQIvV,OiledWell,IL
RqQa6CNyg1,PinkAndSoapy,IL
V8v4sb9h9,R1osi2ta,IL
JPzsEyfVH,ציפרבמעוף,IL
rtFHKqkTn,SweetCakes23,IL
Bh9ta0g7sg,ScratchMyHeart,IL
ysBXWNvyl,CurlyHabbits,IL
uUaQGkSbz,MudBath,IL
QwVwMBShL,6TatsAndTits66,IL
sU2ZVelez,Tina1balarina,IL
RIDcl43Es,HandsOn21,IL
zd4K-v4GH,כוכביםבשמים,IL
JwAnZuepM,PinkPompoms,IL
c6i2DtHQb,ShocoKisses28,IL
wVEDC7Fv34,1cupcakes1,IL
XzyOM9x6g,StrawberryDeath,IL
dtQU4MJyf,Lovebugs21,IL
gRwUrcBKH,Kisses4Life000,IL
1ms59-LgF,Catnipster,IL
xHGd0OhW8d,Lillykisses,IL
9nogwH9a_,השטנית2בלבן,IL
SBZkmCFbj,KikiTheCheeky,IL
N02zONZbo,TruckerSucker,IL
ReHeNqj3m,4Natasha2,IL
iyHDqvdi8,Solidify,IL
uxVi3FU-Q,אלפית,IL
KEMtq3ymE,מילקי,IL
dALM_Hfla,100MilesAnHour,IL
e9d949U1zg,אמנדה,IL
xWxRkK-cL,PuMpKiN9876,IL
j2ahhWklD,Feya92,IL
mAdoh898E,רומלי,IL
zlO6UmBjs,באהעלעשן,IL
6tWb6apLY,תאוכלאותי,IL
y8fXqNvkV,קיצפית,IL
04sis9BVT,טעימהבמיטה,IL
kaMvCKEea,דובית,IL
S2x_DHUS6,נשיקותבבלון,IL
5rLFuToJ_,צעצועבתחת,IL
BlHq7dbkG,לדרוךעליך,IL
Ph0xRPnWh,תהילה,IL
0-H3N8OG8,YourDarkAngel,IL
c9suJuSxB,PrettyGirl29,IL
9nu5XUUh2,אגם22,IL
HUTG5b1qry,חייהבביקיני,IL
tDSjX3a4f,אביה22,IL
iKbOU4eAe,רטובה,IL
z6QCbytEo,כיפכיף,IL
lv3cz8_uO,CuteBunny99,IL
TtdS01JIi,fantasticbabe,IL
1GrDGBQEG,זנבשועלית,IL
E3dJEO4_US,2סקסית,IL
MOo_qEuRO,אשתגומי,IL
7IIW53D8h,אבטיחיםטריים,IL
663LSDeK7,פלפת,IL
hw8LwYRyk,לביאה,IL
AML3cS_Ua,הלבשלי,IL
PBEjmSeUv,סיגלית,IL
VgWFCm9js,לבבות,IL
vDmSHG016,bigbuttwhore,IL
8JbtFXgrU,Joyous93,IL
rZ8UX9p1L,עפהעליך,IL
ITGMZBZXL,TheDevilBlack,IL
tqk-UjSST,פרפרית,IL
lvg3mXXfi,עפהבאדום,IL
lIwnwO_uD,דיסני,IL
dHLDPjOSz,TeaseMeBabexx,IL
uy-sUHfKB,ליבנת,IL
wUgOvlzB-,ציציבשמנת,IL
tJej4k8C4,WantMeeee,IL
zfIe932qf,אשכוליות,IL
h4GUsA5I5,נופר24,IL
RYKz3VYuF,נמרה20,IL
JUhMtwizW,אושרית,IL
Jj75KMlMe,מורין,IL
ZS3psm3Tj,פרחים,IL
El3tFVDMx,PlayHarddd,IL
EqRBSMI84M,SexyPanter28,IL
vjRhZ1Q-W,שעוןבלב,IL
N0sqzLPXv,יפהבורוד,IL
vg1WGm5hj,נשיחות,IL
p_JUe-Ysf,31רחלי,IL
iwoQP4_CeY,מפתחללב,IL
Q9FthEjQY,החתולה,IL
7YZLFQySr,שימשית,IL
Re55CyRvY,רעות,IL
LB4z7wUY5,שקופה,IL
Y44_yn92B,טליה23,IL
2vfVxv6mtF,קסם,IL
ju6gyv9eR,לבשבור,IL
ig3oPjvLV,שמיים,IL
JOsXMK0z_,משחקסכינים,IL
kS0tC1T4X,AngellOrrDevill,IL
7QtpgA1jT,נשיקות,IL
uAN1GZtK1,SeductiveFlower,AE
uwtkPjPMS,JuicyLipz,AE
f2L0_t_hv,TattooOnChest,IL
0LBNyOS2h,פנינה,IL
PYU6k7plx,רוזיפוזי,IL
AeiUbNRjL,תיקהציצי,IL
o-etne_ef,הציצי,IL
avL3P6ZxE,נשיקותבלחי,IL
IFBrsb2oG,ילדהרעה,IL
0Wro5UGLH,טהורה,IL
bWE4rEZmV,Pixi98,IL
DRBp9XEjST,ליקוק,IL
bhuCYRq6g,YourQueenHere,IL
TfAW5ijnr,אביבית,IL
cTetZz2ps,נגיעות,IL
eXbBy3Uht,פיצית,IL
HNO2yAdEd,חתולהבמיטה,IL
SXWK52_ji,שרוטאותי,IL
KjPwzBN4k,שפתייםנחשקות,IL
XUf6IuPFw,חדרניתבאדום,IL
SQMRgK7kd,משולשהברמודה,IL
eYVZU_LoD,בחורהמחורמנת,IL
CPALcUsnc,BlackSwan25,IL
NMny8fEF8,רוית234,IL
rHlVn9zxk,אגם,IL
PiCVLC9jC,PurePleasureFor,IL
-ivA86aWc,סיגי24,IL
fW-0iCnM0,מינימי,IL
ya7Hly7qh,שועלית,IL
aDQhq5RVX,מתנועעת,IL
91MoQHKEn,סטניתבמיטה,IL
bJIUG1hea,פוהדב,IL
DXhW95vmV,פרפרים21,IL
64FdYcyeH,MonaLisa98,IL
fBd1fIcBY,ספורטבמיטה,IL
2Mlne6Ljn,קינקית,IL
yDLeJa0HO,קארין,IL
Rv4uFMebg,לילי31,IL
zJ0SDuqIo,אשתהעטלף,IL
juuEMSrsZ,סקסיתאש,IL
OnSTSswoD,גשמים,IL
nWy3oNv2y,ריחותבמקלחת,IL
gb81VczXC,נשיקהאונשיכה,IL
WBo-dKxtI,אשבתחתונים,IL
NQHWIovig,תחתוניםבורוד,IL
Vd9Yuu2fr,מילקיעםקצפת,IL
meCZxMnHx,חולצהרטובה,IL
_CA7arWGQ,נהנתמכלרגע,IL
ah5Kj90us,תשתמשבי,IL
Ijw37UElG,שרית31,IL
50Du8Ybzb,לבשלי,IL
tMFZLSlSQ,כמעטדוגמנית,IL
INHe2DI0tK,תנקמלא,IL
5O8Av386v,צמודתמיד,IL
H2DAtXjdi,SexyLady94,IL
ksaFTl1op,הבוקרת,IL
tcVasOhV4,יפהבתחתונים,IL
nrgd2Ufr0,בלונדי,IL
J5E7pjcbU,בראלבאמבטיה,IL
UGMFJ3GGR,יפהעםאצבע,IL
3gr0hiKQF,PrettyKitty97,IL
P60r8f8J9,Stormybaby,GR
S1W6nWLKw,cheakyangel,GR
rJZbkc8mhM,ΚρατάςΜυστικό,GR
B1lKOWFhrv,HoneyM,GR
QMsolQKtQ,Sendinghearts,GR
u5H4bCTVT,Αννανέωση,GR
qYQvPB8tu,luvtogetdirty,GR
GPPDcHH1q,HornyAnne,GR
SyqH1GaR7,Υβόννη,GR
rklbN7FqVN,Pavlinaki,GR
BJXAhvtdq7,Γεωργιααα2,GR
SyyzcroXD,MangoLoco,GR
HkWrqaliM,ΒάγιαΤρέλλα,GR
S1YKjICQd,MarkStar,GR
8kwdobHzJ,SinGirl,GR
HyZOQvOu9I,VforVaso,GR
5HmRa3m9a,ΜαγικοΡαβδακι,GR
S1COv5oHB,Αδάμαστη,GR
5HsVejYHYt,Autumnbreeze,GR
r18o2tzxO,fantasyisland,GR
IWkALVTCY,Jojo1987,GR
_F6c7xbDz,DoubleDxoxo,GR
FOrUxu1wm,ΒασιαΕ,GR
SJ0Bq5dMv,softlace,GR
BJUK1DRGS,Khariss,GR
r1tUf2EWU,youngpassion,GR
ry8AIGoim,Σίλια,GR
5n9FLBRPE,ADite,GR
BJ3ebDgID,bigTgirlxx,GR
BkmyGw6zH,roleplaybae,GR
HJNjIM3zS,soakmeup,GR
S1gaB1UuBV,blackroseM,GR
SJfiWENPr,Katia93,GR
HJOZ2qOvv,TaciaBaby,GR
WoUGB1BV6,islandbaby,GR
HysVNlH67,Ναταλάκι00,GR
nvlDfV7rr,NanciBaby,GR
rJho0eRZV,Αναστασία02,GR
vDH7Fdsn7,TaΙkDirtyToMe,GR
ryw4aV-1lb,Ντινούλα,GR
By4Wg8XZJeZ,MariΑMariΑ,GR
BJ-LrBb1g-,Matinaki82,GR
HyvNEHZJxW,roteshöschen,GR
H1LDSB-1lZ,caaaaty,GR
xZr6lQxvg,moonlightlover,GR
Skhxe98-1e-,TimeInTheSun,GR
rJeyXT-DfP,maryCu,GR
vLiAC5ti6,xΜαρινάκιx,GR
HJ63VSb1e-,acquamarina,GR
9M4z_SAazS,Φλογιστρο,GR
zZ6xC6Rd-,IsItYou,GR
rJlsaICQ5U,PennyJ,GR
DkX8Fl86V,HotCherryy,GR
S1goND4Ov,kinkycrime,GR
B82m-23cg,SexyAsp,GR
m2NqmPQZo,YesYesYeeees,GR
rkm5ZVbEN,RealQueen,GR
BJVqlPspm,Παυλίνα00,GR
rJxW-22LM8,hornyass12,GR
SJebOMZJgW,mariakriti,GR
r1rx6HGZyg-,Katia82,GR
Sk82oMW1xZ,AnToNiΑ,GR
By9Pef-kl-,Katerinaκι,GR
HJB2xwbJx-,mavroula,GR
H1eN4mW1xb,Dafnaki,GR
HkAx5EQbJl-,DinaSel,GR
00M3u3qYs,singlebutpretty,GR
H1RMXkuNB,GameratHeart,GR
SynJmS9Fv,ArtemisTee,GR
B1DdvABjU,PassionOutThere,GR
gzGqIGBPs,Velvetgirl,GR
B1q9RSZtP,MissPrym,GR
HyttUSVFU,Chloeyy,GR
SkQLH714Vr,Romanticwoman,GR
ByRFWxAjz,HazelΣίσσυ,GR
84ZVARqaw,ΣεξιΦιx,GR
B1KJP3gjI,PerfectLove,GR
SkxoBNNgZO,IHugMe,GR
ByPgW9eOD,ΕναΧαοςΜεΣενα,GR
B1lKGASmWL,WontBeLate,GR
cOQoALxca,Βελζεβουλα,GR
5i99EO4Ja,Ρεγγίνα,GR
S1-kmmKM_,TopOfAll,GR
BkMlmd1_w,DaddysGoodGirl,GR
gSXJIuwVq,LittleWeird,GR
Hkg_oPtuD,LovelyMax,GR
SJALDeRR8,trEleni,GR
r1pH6L5HS,IamMess,GR
r1oNtCx2S,authorlife,GR
8PaTJS4gre,Sexymariw,GR
9kCnOT0cO,Ζώρζια,GR
rkffo6-33N,Bassis,GR
Hyxnv-dlm4,Corinaki,GR
HkbRv7ULL,ΗotnCold,GR
lMD68PKuf,shhdaddy,GR
BkTL1rz2L,HellenMary,GR
rJMk5zf2U,Antonea,GR
HyXmtIrQH,milkyplumz,GR
0rGwnuUT2,WonderlandA,GR
S1gnOxIivB,BlackPasslon,GR
SK8YksCk2,ΣεΞυΙλ,GR
HyNZ1YM-ke-,polixeni,GR
H1Ikjf-JxZ,trelariaKoRitsi,GR
BkQgQIBWJe-,SimplePleasures,GR
HkMgpQmZ1g-,sofiachania,GR
SkFxgXbJe-,Tiger92,GR
Sk8I2zbJx-,EVAKI,GR
BJQ3VX-kl-,Stefania4ever,GR
Hys3wGWkeW,xrysa,GR
Bkvo3r-JlW,ΑνναΜαρια1,GR
r17ZQeMbyg-,Αφροδίτη,GR
H1qxolEZygb,neverlasting25,GR
Sy7DElWke-,sexyboula,GR
HkhRYzWkeZ,soulitsa,GR
BkecN_DhxN,HotPan,GR
BkPlU1QwQ1E,eatmeeatme,GR
SyeMih0bjX,Πάολααα,GR
rklr_SBl37,belencitahx,AR
BygFVXW1UQ,marisolcito,AR
ByljFCiPFQ,aammelia,AR
r1RlkBQXX,SexyBelu,AR
rkM3iD0ZO,mikellitah,AR
H1snZG-N4,stefyyyy,AR
SJglIdv1QX,PrincesitaRubia,AR
ryCMWZec7,estefaniitah,AR
HJbWoknB7,lamorenita,AR
hfX0AxQjM,Romi018,AR
B1w-7R19B,thaliaah,AR
V2eBFVVCl,SilviiCorazon,AR
vUCDMCKXk,marinana,AR
7U6UpiDFz,AmaHot,AR
yUwPa8pWL,Mara09,AR
BkID63wW7,Turquita,AR
e_feWtbV16,Yamiiil,AR
Hy3DQx-2lX,Cheketalinda,AR
rJ92wT347,Patryxxx,AR
HJ-iCax8m,SexyMoni,AR
HJSQDFNCP,noemilia,AR
ByymSxS9U,CalienteSere,AR
rkl8f9AcBm,Mariaaga,AR
SJaKHFl4t7,Yaanii,AR
Hy7OpicDX,Teresita,AR
S1lbmx-kj4,Leili,AR
SJcfruAxXQ,NenaJugosa,AR
HyK7NNBw4,Yakii,AR
SygRfmBrd7,MissVicky,AR
SyVTDByVE,Renni,AR
Bk4kCsAPm,Agustiinaa,AR
Hyl0jL3QQ,Magie,AR
rJvEo7EBQ,MaleHot,AR
B1QyPFN0w,Tamiiok,AR
S17B8j8q7,Valentinababy,AR
HyevuWMZnS,Ludmi018,AR
ry-51kXRPX,Martunii,AR
eS_qRe2V6,Mika017,AR
SkU3KP25r,CarlitaLove,AR
HJEj0qTdm,Pachuu,AR
N2xf9_pIP,Mel14,AR
HyEskDAZX,Asunción,AR
ryMjGH5a7,marianela,AR
HkmmOKVCP,ornellitahh,AR
BJIBjkWzL,Roci015,AR
SyGwC2N34,Mica017,AR
HyeO4JJYm,nahircitah,AR
BkEU62wZ7,HermosaRubia,AR
Hk4a25rFE,SweetGuille,AR
HkeMB1_0O7,martynalove,AR
S1gTS1zaAX,CalienteLuisi,AR
SJWZIZDEX,DaniLol,AR
SyfvYRnRm,Miqui,AR
Skxa6moIvm,SexyLuci,AR
5Gwx320RZ,kndelitah,AR
HJ-6m4FIX,Ximees,AR
rJH38O2PbQ,SexyMorena,AR
HkHdj47KX,JugosaCarlita,AR
HkgYEEvzpP,Lulitahot,AR
SydkA9S4Q,floorcita,AR
rJRuYom78,krencitahoh,AR
SyAGj8zH7,DuraNena,AR
S1uPkWNn7,CandeFogosa,AR
H1KenM-UQ,jennifermor,AR
H1o-GGkcX,CeciLove,AR
SJbcy1mKjX,Olii,AR
SkggNk7NX,FunnyLore,AR
S1g5WCSS9E,RomiLove,AR
HJX-I-DE7,GatitaJuguetona,AR
HJSjzl-2gQ,LaRoMasLinda,AR
SJeolY2zDN,NadyaAw,AR
S1enQxbhxX,LaGaby,AR
HkASplJE7,Terezita,AR
Sk7NWk4OX,FerJuguetona,AR
HJet3jTQ7,gracielacv,AR
H1yEIwAHX,marianitamar,AR
H1nfBezmQ,JuliBebé,AR
Sk-WFfqb7,MiliMilagros,AR
BJxhseWyRN,jimenita,AR
r1buCGoeqm,aldanitah,AR
Sy8A9vGFQ,martincitah,AR
Hy0KD7wxB,Noelitaok,AR
HkgB48LjvX,Brendie,AR
S1gFB58hQm,Aguchi,AR
SJi7nLxHm,Catu,AR
S1jMebhl7,YolyYoly,AR
HJA4wlD0P,NiñaaJuguetonaa,AR
BklFUbI9v,Alejandri,AR
dy7m1ocjH,CaroMojada,AR
ryLQp3bSP,karenciñita,AR
ryeimU834X,kathyxoxo,AR
HkbvW1wDAQ,DuraRomi,AR
BkOkaVFlE,patrixiah,AR
r17bjFMYP,Claudia05,AR
B1lmzQomm,RubiJuli,AR
BJ6fe-3lX,Formoseña,AR
H140bQYZ7,CaritoPreciosa,AR
r1JSm-pcQ,Ariitha,AR
HJT7lZ3lQ,GorditaLinda,AR
86iKPBtv6,danielitahlav,AR
HJ3o3DSB7,LaRubiaMari,AR
S1dQMeeAQ,Aniipau,AR
r1ZUnfn_FQ,Amiira,AR
xyPNw--FL3,HotVir,AR
BJx8ggdcFV,TraviesaDidi,AR
rJPJ_7xKQ,katherincitah,AR
ByRvjVXFX,Cande012,AR
H1lvm2Iy0Q,martinita,AR
rJZDudjtNm,AldanitaGo,AR
SJ74Q0CS7,SexyCande,AR
SJdKujcUm,sofyyy,AR
ByxFb_o8K7,sofiiita,AR
0Ukk_XWeD,SweetJuli,AR
M9FEAgLRr,Mik07,AR
HJ6s-Wv97,merceditahs,AR
Hk0X_W5rQ,DulceJuli,AR
BJP2AL6Pm,Kariita,AR
S1l_wDKE0w,Yollyloly,AR
SkC2LK8Le7,LaNocheOscura,AR
rJP4J81D7,Caru,AR
4hRY2O-c6,aldanitahaok,AR
HkeNAqvGFm,xzoee,AR
B1xqfyr_Lm,Cammil,AR
BJlreWHwX,SabiBebé,AR
ry4l-qDFQ,Cami018,AR
SJe11jDABX,Maca,AR
SJtHnWytX,Martuu,AR
BkXPHwTlt7,Camii032,AR
ryHF272H4,laritamore,AR
H1mrEro7m,SweetAndre,AR
SJe6YE7Mf7,Amparo,AR
HkCTKScvI,Jazchu,AR
H1gSWwTIBQ,ReinaJose,AR
HJWm5yvjDQ,vanesssita,AR
r1gjKBMOrQ,magalita,AR
rkie3Rw8X,Fernie,AR
S1lHctsZwQ,Moreniitalok,AR
rJeMMzGXU7,gabbyy,AR
BJ1XpyL7X,RusitaCari,AR
ryPvraIZE,Agusstinaa,AR
HkAAYbh4m,AdaBlueEyes,AR
BJXZQe3UQ,Juuliette,AR
BkS_rGoaLX,Pilarrr,AR
BymXeb3xX,DanielaLove,AR
BJPNTYOFm,klaritah,AR
BJlXg87Nm,SofiCurvas,AR
BkRo1R3qQ,Catta,AR
H17G6vtAKX,Marisúu,AR
BJlo4eUOyH,margaritahah,AR
rkiF5oDr7,AntoArdiente,AR
SJFKKnS97,Carinnx,AR
HJxvF5eWGm,Alfonsina,AR
HkEwgjmam,MissMarx,AR
ByQalikzQ,Jessenia,AR
0tWGTsmXU,Maguita,AR
ry52WLVkd,SexyConejita,AR
SygZYa5EaX,Ceelesh,AR
rywNFk-M_,Lau08,AR
rkePMYh727,valentynaglam,AR
Hyde5FeZX,Luzbelito,AR
BkZ01jOfm,MorenaArdiente,AR
HytPxqBVX,NenaFogosa,AR
Syfw9E2xL,Amalitta,AR
rkrTXUzjm,IsaBebe,AR
rkwz61EiV,cynthy,AR
c_qeowyei,Anibesos,AR
Skg00X6lGX,Laia,AR
Skac3fnEm,OliCholate,AR
r1GCOjQ4m,Flopi,AR
C4aflLHrV,karencitaok,AR
Hy388EeBX,danielita,AR
rkHN618rQ,roxanitah,AR
rkGoCsUFom,Dani015,AR
BJfBSaNTt7,aldanitahx,AR
SkJ7kOTwQ,Romiinha,AR
YJjHi0t3-,sofiamarl,AR
HJKcEYWwv,aantonellaaok,AR
Syd4RZQEQ,Guada,AR
r1gIpOwUO7,Luli012,AR
HklebKUKzN,GiseCaliente,AR
Sk8gCjEEX,Estre,AR
Ske7baNzqm,Ailuux,AR
BJsDGlHSQ,LaMexicana,AR
SJxlm-QsmQ,Rochi,AR
r1peTWuB7,Alejandraxo,AR
rkGnJ5UhmX,camilita069,AR
Sk7JPzsaP,Mandyyx,AR
HJ-FbMDKm,Maguiita,AR
H1xtLw0b8E,CalienteReni,AR
H1rzLyyoQ,Vanniiok,AR
r1qVOvh7m,Carito,AR
Bk7xWeyUP,estrefaníaaohk,AR
xKPzp6g9F,Cell,AR
rJZHNpFuYm,ReniDura,AR
S1epXe6LrQ,marianitalove,AR
BJ-21VQXX,Chocolatte,AR
ryY8pliAI,marcmarce,AR
B1lsjzLE7,CindyMel,AR
Byx9k52P4X,ZoeAmor,AR
SkgEr6V6FQ,kmilaah,AR
rk161RlhQ,SoraBaby,AR
HkS_QqNNX,ValeHot,AR
H1lemxbhxQ,LobaDelOeste,AR
ryQfizh2NQ,Beatriziña,AR
B1g7yBq-_m,MariaIsa,AR
Hyv77xb3xm,DulceCandela,AR
r17IBA5BhX,Ro014,AR
rkQqMx-2g7,GatitaMimosa,AR
HycGz3TEX,DulceJaz,AR
SkSg4eZ2xQ,LaTurraDelNorte,AR
r1gywximLN,NatyAmor,AR
H1lY1VDlHE,Nattu,AR
ByxQIi1zH4,Kamiiix,AR
H17EO8EJO,xxxxKittyDani,AR
B1Smt0KQ7,Lauritta,AR
SyHKvmzf7,MamáCarisa,AR
Hk3aItILe7,DanielaBA,AR
lbXk_FMkJ,rositttah,AR
HkwftjS2VX,ChickPame,AR
S1HJqS_iP,luuperz,AR
rk97g-3eQ,PaoFitness,AR
BknqO7PDV,Cinti81,AR
H1rXcgCmm,marijosee,AR
Bk9gVtr_r,Adriannitah,AR
rJxGMGmKZX,Enviciada,AR
r1Qi0daEQ,ChicaArdiente,AR
bBZ35Uyvn,Neri,AR
SJebnXyPEm,Lucre,AR
ryxNgShiaQ,Karu03,AR
HyLl3mfmQ,LuliJugosa,AR
SJQ3cw3sm,Alejandrina77,AR
Syxj9y3HFm,Solcitooh,AR
BJq8e_NGQ,Contilinda,AR
By9xXdc9Q,gabrielitahah,AR
H1xtYqiPH7,CamilitaC,AR
r1mITCESX,Canddy,AR
rymgyYhu7-7,Princesita123,AR
B1UJqTZuB7,Ivanita,AR
HklxHOjIEQ,NovataCherry,AR
rkW1uc_OX,Kiiiah,AR
Bk5xgHNim,GabyHot,AR
HyWO4mMz7,Yami,AR
r1XrMgINQ,Rosarito,AR
w9JSiSthO,marianitahahok,AR
WlT-lRvGm,maritnitah,AR
SkGhCi6XX,AmandaSk,AR
g-nsvv8Kj,kndelaria,AR
HkecRXi7wX,Nadínn,AR
rJxeJgxXLm,Emiili,AR
ryif6rbnV,marijosecita,AR
HyXwB_EX7,DulceAlice,AR
BylKSuju7,natuchaok,AR
HyArwaG57,Floorcitta,AR
H1K-fZE3v,Lau017,AR
BylLE9wGNQ,OliLoli,AR
r1opN_EVm,SexyAtrevida,AR
Skl04TgJEQ,Larii,AR
rk4at7Kzm,Acaliacaliente,AR
r1wkS5-OQ,danyela,AR
SJWjYojBVQ,brendy5000,AR
6i9yx0He3,Lilianita,AR
SkcSzia8m,Fau,AR
rJxAK2WXYX,Tere018,AR
BJv0vdYIm,rociook,AR
ByywNsid7,Lau04,AR
Byh3AThOX,Melii,AR
rk5OAoKHm,Bely,AR
SkSW2Y0OP,DiosaMaggie,AR
BJGpubsWhE,Karenciña,AR
B1a7EOqbO,Agus021,AR
HkGxJXQHHOX,Juliixx,AR
rJDxGrvfQ,OjosAzules,AR
B1Hk7mjsv,morenitahah,AR
ryNSMNFLQ,SexyLore,AR
S1gmibLkvm,alexandraa,AR
H1firJlOX,Marysooll,AR
SJStTxkEX,SweetCeci,AR
r1xmA16_Q,Karen020,AR
SymixMtRQ,Agooz,AR
Bk-xXfU9V,DulceVale,AR
HJlwnMhuYm,sofiitahok,AR
rJ3zKBf3X,Joanni,AR
HJ6Qp0T7X,ChicaExótica,AR
B1Hq7sFbd,PameCandy,AR
S1eNhpGo1U,Barbarita,AR
SyUXBukuX,Samygirl,AR
SJe-BEaxMX,Mailén,AR
rkmYBb5um,Fabbi,AR
B1rMkRc_X,lapeque,AR
r11XYAH_m,Alduu,AR
Vbs4wm-qB,Makiiss,AR
BkEq_YY5Q,Meeli,AR
rJFhhOLeU,stefynxok,AR
Sk2J53DNm,MandyPantera,AR
By3xUi-KQ,ReinaAle,AR
Sk6C74YIX,GatitaNaty,AR
S1ljyHT9HX,silvyna,AR
B1K8626Ar,AniBe,AR
Hk6NrmE-m,SugarMamaa,AR
8uaJ2nskN,LaLoquitaaa,AR
SyeYzO6sEH,MuriTatu,AR
HkogST0GB,AndreJugosa,AR
HysdpQgEB,BelenGata,AR
Bk-T8KJQX,MorenaSalvaje,AR
00cRqYMln,AdelitaPies,AR
rJ3sJyDXH,JuliaCalor,AR
SJgFULLYB8,GiseJJ,AR
rJn5_XSIB,SimonaZ,AR
SJgxG14VB,LediSM,AR
ryObklh4S,LaZorrita,AR
SJxbXxW3xQ,MarisolCaliente,AR
BJ2DahPW7,CafeCaliente,AR
S1LghVoFm,pau78,AR
SJDHi7Cu7,Eli09,AR
rJswEPGHB,Morochitaa,AR
Hy4krvfHr,FlaquitaFuego,AR
HJ5xDtVCP,SexyJuguetona,AR
xrKZ5UkRM,Yamixxx,AR
P3DuNIz0i,Rominchu,AR
BJxwGqxTrS,SilAqua,AR
SJfedYKvfQ,BrendAngelito,AR
r14dxiYXH,MaiCali,AR
ryenwpiEB,JorSatisfaccion,AR
SkeiU-QfS,JuliFuego,AR
SJ-CkrP2w,FerozRaquel,AR
rkcqa4IUH,Patyco,AR
BkK57XpEr,SecreOlga,AR
rkbijZ6AXS,AbyTraviesa,AR
S1lwpt0VLH,JosheXXX,AR
pAyYUi8UD,PaoFogosa,AR
HJxgX38aNH,SecretAbi,AR
rkkXgWnem,CaribeCaliente,AR
fBQ9Ex1mD,AixxxaL,AR
rk-A_zJuVB,TanFuego,AR
B1lB9N1PQH,BetsyBaile,AR
o4LhuSzVB,AgusLap,AR
B1mYCWXGr,EricaPasion,AR
lfSvZkOah,MechiLiberada,UY
rnplK22Ye,ChiaraHOT2,UY
t7dYNGsAR,MechisBlues,UY
3PvVZFRZk,AtamePerro,UY
kerk5arpQ,RubiaANAL,UY
8cxr7KIvX,ViajeraXelmundo,UY
ugE_leTXx,RosellaBella,UY
NBrpHUh7f,SExoAddicted,UY
oWRAFrQj0,BlueShadow69,UY
SM4WIMfcn,CafeconLecheMil,UY
4Toe1e3Iu,LocaYLibre,UY
9BR5zaS6x,MissPunisherGor,UY
h_02aEB34,BabesenSualSExy,UY
ECGDtGQ1O,DirtySlut4572,UY
1PGlS4xOW,FelicitasAzul,UY
xLIvy9iTM,PaulisTetas,UY
Qsay1isxe,klkPuertoPlata,UY
p2LXoSjIQ,FilippaAtrevida,UY
GyftDxow4,TEacherpetVixen,UY
NSToyBhTO,ColoSensual69,UY
OrPmfcLkj,SiennitaHOT,UY
W79dX4FtD,GorditaArcoIris,UY
orJLgJXmS,MIAtopModel,UY
3BTMp1XHr,WandaCachonda,UY
3myJtgbIl,SensualDolores,UY
u1CJzSy9M,ChinitaSExy,UY
1AL7teUhg,MorenitaHOT,UY
mNAII2JRW,LucyTEacher,UY
9lTq2Ut8n,MoreSensual,UY
Ir3KzRfDk,AndreinaFeliz,UY
Ync51_302,EmmaDoc,UY
ybX5qRf7T,RulitosdeGIA,UY
4tVcYlY10,ColombianLover,UY
jeMlJgplo,CrazyVickyHotie,UY
WtoDVTjDg,ENfermeritaHOT,UY
pMi7kwjpn,PitonOLIVIA,UY
ngNVAWovr,DarkMila69,UY
hDAVx9xXw,Cathylover,UY
tipjRWKVZ,FranLenceria,UY
OoU7vo0nE,GordisLinda,UY
N-v60AazM,MiaSensual,UY
MCz-9x9_G,Corikinks,UY
6keKrTw_w,Julilover,UY
q_JmA1gGU,GordiFeliz4,UY
hEV592g7e,VIRGENlenta,UY
TVNAJI2k0,ViudaDENEGRO,UY
YiHuldKG9,SambaSandra,UY
zvb8ZayA-,SofiaMIX,UY
OqFZAkIXE,En4yANAL,UY
9BbLrUMhy,AlessiaLinda545,UY
qZNgWDO1R,SabinaTAttooHot,UY
xjWy4za8Q,TaconesStela,UY
ybl8_RlOh,LindaLuciaKinky,UY
ctoX8aR5Oh,GorditaSabrosa3,UY
YnwufDQAe,GordiFEliz,UY
MjuncYHJP,CarlinaBlackPut,UY
JflBDMloYf,PerraCaliente69,UY
tDgjiZVRZ,VirgenMArtu,UY
Syb70rTCzB,SonySalvaje,AR
rJ0zMJ4EB,MairySumisa,AR
S1wYImdzr,PameInfiel,AR
SkxDTRNvN7,Stefylove,AR
H1UQAXwfS,SecretVV,AR
1bcd-5wwv,Luli07,AR
HyMvPKVRD,Kari09,AR
S1u7lw_4X,Laurititaa,AR
BJql_dKo7,Cam078,AR
ByeNvnERNX,GabyBaby,AR
k3hHhvq-Q,TammiFlores,AR
r1rs4bRXX,marymarti,AR
bHSvFyJtu,pili014,AR
vAgaJDS6F,Yamiii,AR
r1bg0F-W7,Maru555,AR
rJe3KsBrDv,mik02,AR
Fhx_JE1ax,SofiInfiel,AR
By0yNi6MH,SexyCaro,AR
f6DeJ8lbL,Mari066,AR
ry250L8O7,Camii017,AR
ryDxfOqeu,Solcito01,AR
By7WIWkzr,AgusEncantadora,AR
B1w2Dp2Nm,marinamori,AR
HJlPm5-JpS,karinaladiosa,AR
Hk9fhLYNB,CandenteLore,AR
BvqfWsBDi,lorenitha,AR
8kAIGap-c,LenguaFeroz,UY
53IGbcvXd,KatiaGatita,UY
BkE1UXD-v,Mari214,AR
BJrSR1zBWm,Morocha115,AR
rJZDPtvSX,carolove,AR
S1n7KsTb_,pili05,AR
HJ-wD_dYQV,Karen15,AR
ypE523C5t,Romii15,AR
We5FtdIUd,JuanitaFarmaVIP,UY
-fe8v7jQ8,MiracleMili,UY
VMs-Y46QY,EsperanzaLinda,UY
AKalNCu2p,EricaCachonda,UY
EFooNU0C5,MorenaGiannina,UY
PgJjBX97Q,ColitaBrillante,UY
dnC3pioXH,FacialesYMamada,UY
czvqXlshX,krencitah,AR
SkgfmljKmS,CeleKity,AR
B10Qeb3gQ,Peruana69,AR
r140Q8A6I,VirgiTraviesa,AR
SJ8U3TCzS,Milix,AR
4ziZiG9i_X,silvanaaok,AR
HkvaVBUhH,Flavi,AR
BylTOoSVCQ,Lunnita,AR
HJGk_5OOX,sylvanitah,AR
rk3GZWlcm,RicaVane,AR
By1mkdPzE,krnzitah,AR
Byj0c8URQ,kndelitahok,AR
Sk3LIuk7X,ChicaRuda,AR
H1yq8I-LX,karinitaok,AR
BJGyzy0m7,PauliArdiente,AR
S1pETXf_7,LindaNao,AR
SkbCW7ZUnX,emiiiilias,AR
zKin_Qy-V,CalienteDai,AR
ABAOrEnKB,marcelitaxh,AR
BJiNjb81PQ,LaRochi,AR
ryRVBTxI7,MicaHot,AR
SkqS7rvV7,Naddi,AR
rkZQahNMPN,Agoss,AR
r8S8vAfbR,SexyPantera,AR
7GZQMOooq,Marijose,AR
r1jHO0A9E,Rommita,AR
w_21kKK63,Maquiita,AR
C00hoS7Cd,Mairii,AR
rkqGCRvBm,Natie,AR
ry--ahUePQ,DivertidaPau,AR
OTRyC4K-s,VIRGENmora,UY
V2yv-x-j7,AlejandrinaBion,UY
TUQ2oVrJz,PsicoGiuli,UY
6Me8mN3g7,Betisbebecita,UY
xdFTzNiX4,TetaasRicas,UY
H1t1fmtZ7,IsaLinda,AR
rJedROzcWX,Yanina,AR
rJ3Jy5HT7,HotVanne,AR
HkJx6yZ6m,AyeLove,AR
S1zJ7wCW7,Yanet,AR
Byc25d3YQ,CalienteFlor,AR
HgASA2TD04,SusiiCaliente,AR
sCves4kUJ,AleJugosa,AR
H17WXeaPV,Paoolita,AR
ByGiWXZP7,MicaCariñosa,AR
SygrVSYzLU,Loree,AR
NJUGrIbq0,PicaraLuci,AR
HJWsvY4AD,Julii,AR
SJv7Hd1_X,DeliciosaMili,AR
rkrmgShY7,RochiJuguetona,AR
B1xoa0HqdD,CalienteOli,AR
NxdzQuJXb,Veritto,AR
r1bE0TpvXE,PrincesaJaz,AR
SkektIrRi7,LaritaDulce,AR
ByGSg-Hw7,milaaloquita,AR
H1zWsJ2Bm,Luchy,AR
SyPs3-_BX,candeliita,AR
r14XrzNpV,Ludmiita,AR
BJZCFeRslH,Feerny,AR
r1Cf21AQQ,BlondeNicol,AR
r1g1CMFQcm,ladiosaahok,AR
HkoivtN0v,HotAnto,AR
Sk8tEQfK7,Micaa,AR
rJb1oj6_nQ,jazminnok,AR
BJDNSmXsD,emiliiise,AR
rFx3xCCr9,marianitahok,AR
-ma7OCC-k,Eliaan,AR
cKPYXBte5,DulceRosi,AR
kVzo9n-lL,CurvasNormi,AR
B14_ag6oV,Candelariah,AR
r1NtCugG4,Antito,AR
PGnUuoh4p,Noee,AR
Hk-Ej74HX,Marielita,AR
v3n9SwaRQ,Adrianita,AR
WyAIxYgaw,MamiGaby,AR
cY_kEaQvw,FabiChi,AR
SJkpLYJQX,ReinaJuguetona,AR
rykao86NB,EliPe,AR
snJU-pebC,DenniMami,AR
ryg5d-WNUQ,CaruLu,AR
Hyg-aoreS7,CalienteSil,AR
iwT6MTyKS,marimaric,AR
rkcxc4hc4,Roxxxi,AR
r1e49KMoSm,Evaan,AR
S1McSBiFm,jeninifromblock,AR
S1eHoDFWp7,Cristie,AR
Sy5PBZJa7,NaoBaby,AR
ryiWOt4Rw,Romii,AR
rvma4arcI,CarliAmor,AR
SJeOLeTnQQ,GeorginaN,AR
Sy3vumktI,Silvita,AR
m1C5S8ZO8,Alichi,AR
rJgTt56c2Q,AndreCorazon,AR
r1gry_hLX,Claudita,AR
BkjgTZuB7,Lucerito,AR
rJ-pbzXfzV,paolitah,AR
SJfmP8Xo7Q,Vir,AR
r1TtZmztP,AlegreSol,AR
rJlYF0wr5m,AyeArdiente,AR
HJx56qu7K7,martinaaok,AR
ryokwDLiS,marianitahhokok,AR
SJR0vFNCP,DaniiBaby,AR
SkacG8Kpr,DulceJose,AR
BkHG1Yb2N,noelitahtahxx,AR
B1mbcDznS,vanesssa,AR
rkVgbbUibYX,luziana,AR
HklxOYERv,andruitha,AR
HyOv-2LKQ,krncitahoka,AR
SyiLXrOy_m,Paam,AR
ryM5iQtDMQ,GatitaJugetona,AR
HyKU2JVGO,Constantina,AR
H1zroENdGS,GabyCandente,AR
S1KL_2v-Q,Chaco4Ever,AR
v9r_6xqPC,Luzzy,AR
BJZaXdrJP7,evelyna,AR
ryuo29O2FQ,Rociiito,AR
QmW1twpKw,MacaHot,AR
B1VZNYNpv,AleAventura,AR
aMTTEYVpX,DuraDal,AR
HyJf6eJVX,Aldu,AR
HkQz0nOyO,Cintty,AR
HkLUWeojQ,Cristti,AR
uuA6tHtEv,RochiLu,AR
rJJs-wFTQ,MariiCaliente,AR
H1MT074H8,Guady,AR
ryfyRWzDE,Mandie,AR
rkVyeDHFQ,TamiSabrosa,AR
HyJey9ISm,Gise,AR
Bk_5KMCYQ,AnitaB,AR
rkl1SVEAEL,ariadnamartin,AR
SkeGAzYXcX,Guaditta,AR
HJL0TmiIv7,PrinceSabri,AR
vnmCZ6PnH,danielithaa,AR
VdaUdPgeO,Celihot,AR
ItaOZZxNj,josejosok,AR
eVOQb7lNa,LuliiHot,AR
c58B81uyy,GalaxyWorld,UY
Ci-3Bq8tw,VideosNerd,UY
NTHuikM75,DiablaVIrgen,UY
F_kmeghIbX,LindaGiselle,AR
SylxcanM7,Calilababy,AR
S1Pl14gW2gm,SheylaX,AR
ryBnmxZ2gm,MimosaLinda,AR
BJ5C2oH4Q,PatitaArdiente,AR
Bkd53keiQ,TammyRomántica,AR
H14-aQ68m,mikaelaok,AR
SJ2Oaqyzm,Pía,AR
HJvK8_3P-Q,LaChicaPreciosa,AR
SJF4YysZD,GuadaGatita,AR
B1-9ZRvBSX,Bian,AR
SkxZvKN0D,GeralCaliente,AR
H10kof7I7,Carmencitta,AR
r1loz2n4Q,Glori,AR
S1bfXGL3Sm,Elenna,AR
rJw7XXR1L,Solcitto,AR
Bke1BTgG7,Emilse,AR
HkeF0waNU7,ArdienteGuille,AR
rJQmgSnFQ,MagaHot,AR
SJ0vzOaH7,Lulitta,AR
BkGk54BcNP,malenitaok,AR
rkyKQrOum,CariñosaCami,AR
HkE3LeG57,Mili05,AR
Skg3uTOoYN,DulceAbi,AR
BJxZYOd5N,Romiixfernandez,AR
Hk_tWDcfm,PrincesaSabrosa,AR
SyBB88EN7,Estefi,AR
SkE1_XgKQ,VirgiLove,AR
HyMsogyNm,DaniNena,AR
zWHV7Tmja,Nahiiokk,AR
TfTEWxmyw,krolinana,AR
SygV_PScrX,soffyyM,AR
B1kxtvaS4,SexyMili,AR
ryiwqLYS7,Marielafit,AR
AfgxVCrW0,ornellaaok,AR
SkmzA2WSm,ladiosadany,AR
S1P1uNeBm,Pilarcita,AR
Syw4xlNI7,Natucha,AR
S1emFSCZSQ,DulceAli,AR
SymoU_nwW7,Tetera,AR
B1eHgms3o7,JoseArdiente,AR
B1BBLjLq7,Yannii,AR
Bkbobyb7Q,MorenaRica,AR
ByeDW7HwI7,paulitah,AR
7VdAQH2gZ,Paolitta,AR
g5DdQadIq,josejosefina,AR
r1GjWvthX,carlitari,AR
S1k-3YNSV,TraviesaMar,AR
r1g7AqPGtQ,ariaddna,AR
HksZirQ0B,Agos020,AR
BkM8V1X1V,Faus,AR
H1giujAiLm,lucianitaze,AR
BkMauCiLm,CeliBaby,AR
ryTZmr3qX,Luchia,AR
B1CL3BoY7,Krolinitah,AR
rJMTcVdphX,JuliMimosa,AR
r16TdjgK7,Florci,AR
rklLyg1U37,DulceJulii,AR
H1IjRcpOm,Mikiitha,AR
BJDsZ9A7Q,Beluche,AR
ByAPlFuO7,Luuhx,AR
SJ-F4Yw37Q,MariSexy,AR
SkRd7BOum,Tatie,AR
HJ81Wn6mX,MartiHot,AR
ry4LmbXTX,CalienteSole,AR
S1ZvAW5PV,Brendita,AR
rku7gTh77,Dayana90,AR
rJgD-usIt7,kathygatita,AR
HkaOHsDI7,CalienteEuge,AR
BJXoVbHp7,DulceVivi,AR
BkALhAxYm,karencitahh,AR
H1e0mcSaMI,YAMIlaloquita,AR
B17AOsQV7,NatyCorazón,AR
B1HR_eksQ,Martinitta,AR
r1eahLlvQ,Emmii,AR
HJdIraSRU,kmilitahok,AR
rJUVdI3Pm,Dulceabril,AR
RvMLMzRc4,VeroLove,AR
HJcWfGJcQ,EugeCorazón,AR
ryCNyOnIm,LaritaCaliente,AR
ByWj8wFIIE,MorochaLore,AR
ByMFsSn4m,Paulitta,AR
Hkmp1IXN7,AtrevidaSole,AR
HkSe0drjDIm,VaneOjosAzules,AR
ByuwgedUX,LindaZoe,AR
Sy6DXFwM7,Mimosona69,AR
S1eOmm4QqX,sandritahok,AR
H1ZTvFRt7,Vanesssaaok,AR
BJgzNYrKPm,magaga,AR
BkrzRIU4D,Agustinita,AR
dEyTeEWdl,Orne,AR
r1gmcmxHQ,Aguss,AR
r1QK9-Q4m,GatitaMari,AR
r17aMNzsY7,Roouxx,AR
B1eGhqZwEm,eliianaamor,AR
SyJTbdCh7,nahircita,AR
ByBszZY8X,Tanni,AR
SJvSpquNm,Cande,AR
S1-xgODrQ,Burbujita,AR
BydrYeNFX,BeluCorazón,AR
zLDVt23Cv,agostinnnah,AR
By-yiPCHQ,xxsofiita,AR
rk4Dh1ruQ,Adrii,AR
HyYPWImld,TatiBesos,AR
BkeVYayQZQ,SoYtUfAnTaSiA,AR
H1ersRpx8Q,Vanesaita,AR
SyVW0PywVX,Karencitah,AR
BkWritavX,MariCandy,AR
SyHMH4K6m,Elibeth,AR
H1YYdbF3Q,ArdienteFlor,AR
H1UlBSi1_,Lulii08,AR
Bk7auz_Iw,magaaok,AR
H1F7vKERD,cecicecilia,AR
SJg0TYZpL4,Milibella,AR
r1txYnCK7,anotenlllitah,AR
r1-H1ihxXX,ChicaHot,AR
HyBKVrRP4,Julibesos,AR
Sy76wKAFm,ReinaMarian,AR
rkRmk5epQ,analiaah,AR
BJYlkhMRX,MacaBebe,AR
UP1D1gJ1H,krolincitah,AR
B1F6Dqngr,Guada15,AR
Skepq29ILQ,melysa,AR
Sk3Vc8Dx_,VeroCorazon,AR
SJXpyRkqE,martinaaaok,AR
ryx3c-IaSm,Adrianitah,AR
SkWOM_Tr7,SexyVivi,AR
SkbMQ_LN8,estefaniaaok,AR
FaSAlwJma,rociitohok,AR
H1l2fvK0uV,julitahaok,AR
HyFXWEhnX,Luuah,AR
H1qxL7sQQ,DulceFabi,AR
Bkyn1jOf7,BuenasCurvas,AR
N2mOnVwC5,SrtaRomiii,AR
rJZSiwXi7X,CamiLin,AR
ByZFWn9FdQ,Rosi14,AR
HJgJvRFji7,Marcelita,AR
IELcdyb8P,SweetCarli,AR
HkrJb5ar7,AndyR,AR
7yQHOftDI,marysolkawai,AR
BJcFnwyTQ,FeliDulce,AR
SkgI9-oJoX,Andreeah,AR
SyNq2meKQ,vanessitah,AR
48t_Zsj_9,Iauru,AR
GHpDF3B0u4,Camilis,AR
HkdIROHSm,GatitaCaty,AR
r16LGf6bv,Cindy014,AR
BkCiuMMfN,ReniJugosa,AR
Byrt68F4Cv,Bianquita,AR
S1rwj1Ptv,Tefi,AR
r1lFsBhE7,DayanaS,AR
ryW0Bd-kd,Camica,AR
ByGHb6Ez5X,CalienteJesi,AR
_tb1QrxPo,casandrita,AR
SktmTY0gX,AnitAnita,AR
awZNyOvAi,marianiitaah,AR
ByzV8DArm,roolovee,AR
H1DJ-caSm,Valeria326,AR
fsC9ClpYf,Loorenitha,AR
SkiUlu4Mm,DulceIdara,AR
SkealTqr7B,BebotaaLinda,AR
S1M3WoyzX,Chissxxx165,BR
rk37sGeIm,JujubaDoce,BR
S1o8CMZLX,GuriaStarr3,BR
ry2UPFVRw,Fiorela,AR
HkDU2xWMQ,Jehnovinhaa,BR
HJezW63AJd,QueenBxx,BR
rJx8FFQDqm,CrissSexyy,BR
8Jxh-UtA0,Lolitaasexy,AR
BkEY4uXf7,SahPOAxx,BR
rJxDN_3DW7,Pepitahot77,BR
ryfJnS0WQ,nandinhaxXx,BR
B1OEBPMGX,PatyyChe,BR
HkxUjQHRZ7,MarciyyMS,BR
Te5erVXv4,OlharFatalRS,BR
MJTmBjgjM,MillyndahRS,BR
Sk-26GaxMX,NeZinhaaa,BR
HkNMPeAmX,karencitaah,AR
BJqgxe8Ju,Rulitos,AR
S1gHC1n4B,Ladel02,AR
H1QE4PMrr,Culoteee,AR
wcI1EN8cH,MarissaQ,AR
SkKQuAClQ,China123,AR
L76O7UXTJ,MorochaDiosa,AR
rJlMJabbz7,GortosaxRS,BR
BkI6LoAr7,marcelitaro,AR
S1LOB-cxI,MartinaTetona,AR
FsAr6tWKu,Sueltasoltera,AR
lCty_ZhxJ,Azulitaa,AR
HkfZzVfPN7,AlegreMorocha,AR
HklNszZK87,Marceliita,AR
SJJJFQeVr,TatiFitnes,AR
BJxJHlWwtH,BiankiFogosa,AR
BJKw7sTMH,Camilitta,AR
rkjjxp3mQ,paulitariva,AR
B1AL_AG2w,OjitosDelCielo,AR
tk59gPRZb,Coloradita,AR
H1D7H_0lQQ,NenaJuguetona,AR
ryMZIMkNES,Micamasajes,AR
ByNz5tZ8wS,AndreSabor,AR
HJVnD8crXB,FattySeduccion,AR
Byz-zMw6EH,Biaky,AR
Sq6Rp7gWlk,AdriX1,AR
Syfkx5W8vB,Solcitou,AR
BJzA6qMbX,PasionMorena,AR
SkHiQMhmv,Mayyra,AR
av_0DvPacz,SusanitaAmor,AR
ZUpZj5f_t,RochiEspuma,AR
SJse-ehNH,ChinitaSola,AR
B1xIVgwTNH,AnitaLaLoquita,AR
H1e-TOWvKB,LuliT,AR
BJeoKZUDS,VirTatu,AR
HJvz8aRzB,LuluAnis,AR
5u49zdK4D,FeliGati,AR
B1IgHEdGr,JuliRebelde,AR
rkAeAbaVB,RamTe,AR
HJYQD0wUD,Maity,AR
BJuCe6nQX,Brendita500,AR
Hy9xZwnMS,LAYami,AR
rJheM7YZ7,AmiEnMendoza,AR
S1yK-D1w4,Ferrniih,AR
VEmnaPTBQ,DiosaDeelAmoor,AR
SkhhKqr7S,EstreAzul,AR
ByQdDzDpEB,Bebecitaaa,AR
S1uOZvBSS,ChinitaaLindaa,AR
TeD69R-N2,Loquitaa,AR
zzJjd7yIV,NiñaAtrevida,AR
xKU6ANWlP,FlaquitaHermosa,AR
r1gWhZwTNH,Niñaq,AR
1wjeuO5I8,YannyFuror,AR
B17iywHhr,AndreEsposas,CL
HyvQkyHTH,LauRoja,CL
ryKAoNMaB,BeluCh,CL
rk5NYsa5B,IsiArdiente,CL
HJgg8RUKcr,ThiiS,CL
YiiZVmRXo,NaturalNadi,CL
S1ulOgkmI,JoseDulce,CL
Skj_9xQiH,AnnyL,CL
ulbF3EbOf,ValeSex,CL
Sk37c_tq8,ColoDany,CL
r1KLSNyGL,Diani007,CL
BkWeNsNiYr,Jousy,CL
rJsolStcL,GatitaCatu,CL
BuKT15jMX,IsiAmores,CL
HJea35ICf_,JuudiAmor,CL
BywkSpuIS,MarceSexy,CL
rJeDray17I,CandeSensual,CL
B1uytU0z_,IsBelu,CL
FjNCPa4Pls,EveColor,CL
Bkx9RObDKB,Kathalyn,CL
BkbHsqzfPv,SammXXX,CL
BJ__vtEAw,DiaNoche,CL
r1_cCdBqr,AntoJ,CL
Hy8oE-aaI,Josefyn,CL
B1lS6fB9vI,NicDeliciosa,CL
HkxgRia-e8,Pauluchi,CL
kJmLYLfVl,AleMelones,CL
S1uVYj69r,Maiite,CL
S1mvj8Rzu,JaviMei,CL
Bkdcd62IH,MaiAmor,CL
HkGTWrY4RD,IsaSka,CL
BJrQUU0z_,MaiYin,CL
ryFKC8Y9S,AlexFogosa,CL
SJe08spPZX,GordaYBonita,CL
WMD7YtVGg,KiryBesos,CL
SyWk8OidvS,Dorotii,CL
bmSwgh8GP,AgusF,CL
w0G1-Y9Tk,bailacz,CL
SyAkXKXUU,YuliCeleste,CL
ryj5IO2D-m,BonitaMujer,CL
HkqWTK_b8,EspeFuego,CL
HkVrItmkL,MaySweet,CL
SymIVPIRB,MilySol,CL
1jfDD3o3XH,PaulyAmor,CL
ByW5xa6e8,CamiMami,CL
HJHmuzFCH,PalBesitos,CL
S1RnDWh-8,SolSexxx,CL
BJ4pLVJGU,EliW,CL
B1yz3_c2S,LuisiAmorcito,CL
r1q9di5qv,AmpiFlex,CL
r1mNFfHaS,Romyy,CL
S1Xyau5nr,Floorccitta,CL
zTMomohn9,IsaLila,CL
7xB4DCmpA,YuliRosa,CL
_FJFtSfBk,TesoroJad,CL
H1QZIKE0P,TesoroAngel,CL
ByArnh5M8,EstefyAnim,CL
r1lTka3fQw,AgusPaz,CL
r1wKC42ZI,MicaV,CL
ry7z6qwr9r,PrincesaYas,CL
S13XJmv5H,Daichu,CL
H14ESExcS,Sophiia,CL
BkGz9CumUL,IntimaMai,CL
HyHKfVecS,FuegoReny,CL
BJjDsxvzL,Choco1X,CL
SkwVPYNCP,PrisciBesi,CL
rJ1KtU0zd,Cielyto,CL
1-kYaJ0n1,PaulytaB,CL
BJbLF6EMar,CamiiLove,CL
ByVbIU0G_,RisitasSara,CL
BJYCDWFDw,AntoDura,CL
BkeRR8F4Cw,EmmEXX,CL
rJxiDSlZsU,MariposaGise,CL
H1DPPzOML,EmiCs,CL
S1YJ2Cm6B,Maattyl,CL
X5D5uRpxP,DaniSim,CL
SypEwnHlI,CrisInfi,CL
BJxff6HYnr,CamiColor,CL
BkVrk1Har,Palomitta,CL
ByfxUIRz_,SilvanSexy,CL
HJXWv3_XLI,MelisRubia,CL
rkYyywF9S,JuliSabrosa,CL
SJSCyJvfU,AdrySexy200,CL
rkKsDxvLc,RicaAri,CL
B1JgIgJQ8,Thia1,CL
HkeUzKQI8,YasRed,CL
H17pXme9P,RaffaV,CL
B1mrCLtqS,NoeAmor,CL
SkMcHxZi8,MatiDiablilla,CL
B1ilrN1GL,LucyS,CL
ryfFT2Z80D,LuchyLuz,CL
S14iqgmir,IsiMas,CL
SJa6Nt4Cw,JaviReina,CL
HkWHcn8z8,LizSuavecita,CL
SJ0YDzFUB,Magddy,CL
UL9ChpT8j,TigresaAlon,CL
MjhYKk7RU,AnaRock,CL
SkePqPHe4U,Romichu,CL
AgDnMyDF2,CarlyFresita,CL
HJC4A_XII,Deliciosaaa,CL
Ske-d7kjiS,OjitosDulces,CL
By4TIgyXL,SammaHot,CL
HJxuIBl-oU,AnnittaR,CL
H1L8qg6HB,VickyOsita,CL
BkMmjdY5L,LuluSI,CL
B1hLU8RMd,BebeSensual,CL
HJQ1CftZX,SaritaBonita,CL
rJP0i6ZlL,CaroBella,CL
ZEsF3PUEZW,AngyeCorazon,CL
rCbZQrzPN,Kyaru,CL
r1ePIlZiU,SteffiF,CL
6K8IpjLfs,GatittaCata,CL
BJWHrFE0w,AyeTH,CL
r1gtqStERP,JuliaRojo,CL
B1BpejWOw,KamiTa,CL
9_MRZga3R,HotGiuly,CL
S1exBKVAv,IsArdiente,CL
HJtjIl-sI,RubiaSole,CL
BJ-eRSOnvbm,SEXIEJéssi,BR
r1eIMOfKRB,YasT,CL
HJA66Nhb8,AliCorazon,CL
SJedTCDlGI,GiuliTat,CL
SJsHMvyCH,SweetJaz,CL
HJK6hNYSL,LucilaQX,CL
SysuBhUsB,Catalinitta,CL
BJjMKivSU,AnaMixxx,CL
S1peTkDW8,GabyDulce,CL
Skgbi83EKI,MylaEstrellas,CL
SJlp0gWWzm,UnicóniaxXx,BR
SkeqIqSWL,MailUBomba,CL
By93xxDW8,ManuWeb,CL
-TJfLrN7T,CammyS,CL
Hykt9pmNL,GeneYibbw,CL
S1anRPxMI,RojaJani,CL
SkkehsvBI,AlanyDa,CL
H14B5IAG_,IsiBomba,CL
IFGZlBID3,AnaSensual,CL
BJ0jcsPSL,AlliCeleste,CL
rJvoHtNAw,AlisP,CL
NVhsVt18p,MaiiT,CL
S1RhisPBU,Nadi8,CL
HJfEUVd1zL,BebeNoName,CL
B1KQ-gWRS,ClauLuz,CL
HJeto3UJAU,KiaruK,CL
S1gobKvRbm,MeliisSC,BR
BkbhxHAWQ,CasyFloripa,BR
SJ-uUegwWU,FannyBlack,CL
HyU0K9LjS,Paulinys,CL
s0GvdhfQq,LunniM,CL
rJGp9cUjH,SoufiDulce,CL
BymbscLsB,AmiSensual,CL
Sy8dL8Cfu,Nykaa,CL
Bk1BXeZAH,MarttuFt,CL
B1V94xrRS,AgusCalient,CL
nkVQhq1R6,EleMorocha,CL
H1W8X8KQJL,VaneD,CL
Hk9dqICGO,AlyNda,CL
HkZxbAWYI,NoNameeQX,CL
BkRcPKERD,NaoCaliente,CL
Hyrm_jwBI,AshSabrosa,CL
Hkel6BKVCP,RomiAmorcito,CL
_sNKK2Uub,VozSexy,CL
SyXj68F4S,Sussa,AR
LX69CbxUK,LupeAmoor,AR
SyxVAWQfr,Gabybesos,AR
Nf2Ja8NCh,MayCalida,AR
HkCudcHmr,Valerita,AR
M6WEvktlu,AtrevidaEve,AR
B1iJoi0r7,Mariixa,AR
HkuLzxngu,CarliXXX,AR
BkPnczvWI,Yuddy,CL
S1xKH-XGH,Ricabelencita,AR
BkWy1PXffQ,Dacia,AR
_SUV6OXRfh,NoraMamita,AR
SkZa3Uhfr,DaiBesos,AR
HkW5azmZ8,Lixxus,CL
Syxs3JXbL,AlexyBu,CL
Hk2ydgdjH,ConejitaTamy,CL
SpC-eqAyM,Jeenny,CL
B15OrK4Cw,EleDivertt,CL
HJUrhR1LL,ColoraditaD,CL
r1gbwTlvI,Camila7,CL
Hy4sjI0M_,RosaRoja,CL
n8zGC70fP,Jazmincitta,CL
Sk-SuxOiH,AliSexy,CL
HkQC58AzO,PasionEdi,CL
rJA8fOiaB,AnaFlor,CL
r1lW3IvRb7,MiiikAxo,BR
HkT4_rA-7,OlhosClaro96,BR
B1_MhxjcH,GabySoul,BR
BJZK5NELHL,DannySx,CL
HkaETcwSL,DulceQQ,CL
HyV2Q_ipS,Anttonita,CL
HJ4FTlCmv,SeleHot,CL
B10D62L_I,RochiFogosa,CL
rkwJ301LI,SabriMas,CL
rk428ICGu,FuegoAnA,CL
rJl5OmDJu,AiLinda,CL
HkxdOoAkLI,BebeQQ,CL
rJktqK89U,Leetii,CL
B1S0HrrTB,CocoSexy,CL
ByH6q0yLU,AmeJugosa,CL
ryvWsKqTo,SamiGirl,CL
HyXKLKN0P,NiñaSele,CL
ryykNdo6H,EliMinnie,CL
BygOVNUSI,SabriinMu,CL
ByxM4Oi6H,BeelD,CL
S1MLDhLiS,MeelCre,CL
rkVjDoDBI,JuegosM,CL
S1HXTqIaH,EveSabor,CL
